-- MySQL dump 10.13  Distrib 5.5.31, for debian-linux-gnu (x86_64)
--
-- Host: localhost    Database: meta_db
-- ------------------------------------------------------
-- Server version	5.5.31-0+wheezy1

/*!40101 SET @OLD_CHARACTER_SET_CLIENT=@@CHARACTER_SET_CLIENT */;
/*!40101 SET @OLD_CHARACTER_SET_RESULTS=@@CHARACTER_SET_RESULTS */;
/*!40101 SET @OLD_COLLATION_CONNECTION=@@COLLATION_CONNECTION */;
/*!40101 SET NAMES utf8 */;
/*!40103 SET @OLD_TIME_ZONE=@@TIME_ZONE */;
/*!40103 SET TIME_ZONE='+00:00' */;
/*!40014 SET @OLD_UNIQUE_CHECKS=@@UNIQUE_CHECKS, UNIQUE_CHECKS=0 */;
/*!40014 SET @OLD_FOREIGN_KEY_CHECKS=@@FOREIGN_KEY_CHECKS, FOREIGN_KEY_CHECKS=0 */;
/*!40101 SET @OLD_SQL_MODE=@@SQL_MODE, SQL_MODE='NO_AUTO_VALUE_ON_ZERO' */;
/*!40111 SET @OLD_SQL_NOTES=@@SQL_NOTES, SQL_NOTES=0 */;

DROP DATABASE IF EXISTS meta_db;
CREATE DATABASE meta_db;
USE meta_db;

--
-- Table structure for table `campaign`
--

DROP TABLE IF EXISTS `campaign`;
/*!40101 SET @saved_cs_client     = @@character_set_client */;
/*!40101 SET character_set_client = utf8 */;
CREATE TABLE `campaign` (
  `id` int(11) NOT NULL,
  `valid_from` bigint(20) NOT NULL,
  `valid_to` bigint(20) NOT NULL,
  `firing_interval` varchar(2) NOT NULL,
  `firing_start_condition` varchar(7) NOT NULL,
  PRIMARY KEY (`id`)
) ENGINE=InnoDB DEFAULT CHARSET=latin1;
/*!40101 SET character_set_client = @saved_cs_client */;

--
-- Dumping data for table `campaign`
--

LOCK TABLES `campaign` WRITE;
/*!40000 ALTER TABLE `campaign` DISABLE KEYS */;
INSERT INTO `campaign` VALUES (1,1326495600000,1327964400000,'1d','fixed'),(2,1325458800000,1328050800000,'2d','fixed'),(3,1326582000000,1327273200000,'w','fixed'),(4,1325458800000,1328050800000,'w','fixed'),(5,1325718000000,1326668400000,'w','fixed'),(6,1325458800000,1328050800000,'w','fixed'),(7,1325804400000,1328050800000,'1d','fixed'),(8,1325631600000,1327359600000,'1d','sliding'),(9,1325890800000,1327446000000,'w','fixed'),(10,1325631600000,1327705200000,'1d','fixed'),(11,1325804400000,1327273200000,'1d','fixed'),(12,1325372400000,1327878000000,'0','fixed'),(13,1326150000000,1326841200000,'1d','fixed'),(14,1325977200000,1327273200000,'1d','fixed'),(15,1326063600000,1327618800000,'w','fixed'),(16,1325631600000,1328050800000,'0','fixed'),(17,1327014000000,1327878000000,'w','fixed'),(18,1326236400000,1327705200000,'0','fixed'),(19,1325372400000,1328050800000,'2d','sliding'),(20,1325372400000,1328050800000,'2d','fixed'),(21,1325631600000,1328050800000,'w','fixed'),(22,1325890800000,1327705200000,'w','fixed'),(23,1325372400000,1328050800000,'2d','fixed'),(24,1325718000000,1327446000000,'0','fixed'),(25,1325804400000,1327878000000,'w','fixed'),(26,1325718000000,1328050800000,'w','fixed'),(27,1326150000000,1327273200000,'0','fixed'),(28,1327014000000,1327705200000,'w','fixed'),(29,1325718000000,1327359600000,'2d','fixed'),(30,1326063600000,1327964400000,'w','fixed'),(31,1326322800000,1327791600000,'1d','fixed'),(32,1325458800000,1327705200000,'1d','fixed'),(33,1326236400000,1328050800000,'0','fixed'),(34,1325804400000,1327618800000,'2d','fixed'),(35,1325718000000,1326927600000,'w','fixed'),(36,1326841200000,1327446000000,'1d','fixed'),(37,1326927600000,1327878000000,'1d','fixed'),(38,1325977200000,1327878000000,'w','fixed'),(39,1325458800000,1327359600000,'0','fixed'),(40,1325372400000,1328050800000,'1d','fixed'),(41,1326754800000,1327446000000,'2d','fixed'),(42,1325458800000,1327532400000,'1d','sliding'),(43,1325890800000,1327532400000,'1d','fixed'),(44,1325545200000,1328050800000,'w','fixed'),(45,1326582000000,1327964400000,'2d','fixed'),(46,1325372400000,1326236400000,'0','fixed'),(47,1325458800000,1327964400000,'2d','fixed'),(48,1325977200000,1327359600000,'1d','fixed'),(49,1326236400000,1327878000000,'w','fixed'),(50,1325631600000,1327100400000,'0','fixed'),(51,1325372400000,1327532400000,'1d','fixed'),(52,1325631600000,1326409200000,'0','fixed'),(53,1326495600000,1327100400000,'2d','sliding'),(54,1325545200000,1326409200000,'0','fixed'),(55,1325372400000,1326495600000,'1d','sliding'),(56,1325718000000,1327791600000,'w','fixed'),(57,1325631600000,1326927600000,'0','fixed'),(58,1325458800000,1327705200000,'2d','fixed'),(59,1325372400000,1328050800000,'2d','fixed'),(60,1325890800000,1326754800000,'0','fixed'),(61,1325372400000,1327964400000,'2d','sliding'),(62,1325545200000,1327532400000,'1d','fixed'),(63,1326754800000,1327532400000,'1d','fixed'),(64,1326495600000,1327964400000,'0','fixed'),(65,1326668400000,1328050800000,'2d','fixed'),(66,1326063600000,1327359600000,'2d','fixed'),(67,1325372400000,1327618800000,'1d','fixed'),(68,1325458800000,1327878000000,'w','sliding'),(69,1325545200000,1328050800000,'2d','fixed'),(70,1325631600000,1327705200000,'0','fixed'),(71,1326322800000,1327014000000,'w','fixed'),(72,1326668400000,1327791600000,'1d','fixed'),(73,1325718000000,1327359600000,'w','fixed'),(74,1325458800000,1328050800000,'2d','fixed'),(75,1326754800000,1327964400000,'w','fixed'),(76,1325977200000,1327359600000,'w','fixed'),(77,1325545200000,1327446000000,'w','fixed'),(78,1326754800000,1328050800000,'0','fixed'),(79,1325458800000,1327791600000,'w','fixed'),(80,1326495600000,1327446000000,'w','fixed'),(81,1326322800000,1327791600000,'w','fixed'),(82,1325545200000,1327964400000,'2d','fixed'),(83,1325890800000,1327705200000,'1d','fixed'),(84,1325977200000,1327878000000,'2d','fixed'),(85,1326063600000,1327964400000,'2d','fixed'),(86,1326150000000,1327964400000,'1d','fixed'),(87,1326150000000,1327791600000,'0','fixed'),(88,1325372400000,1327273200000,'0','fixed'),(89,1326063600000,1327705200000,'w','fixed'),(90,1325890800000,1327446000000,'1d','fixed'),(91,1325804400000,1327273200000,'2d','fixed'),(92,1325545200000,1328050800000,'w','fixed'),(93,1326150000000,1327359600000,'w','fixed'),(94,1325545200000,1327791600000,'1d','fixed'),(95,1325631600000,1327791600000,'0','fixed'),(96,1325372400000,1327878000000,'1d','fixed'),(97,1326409200000,1327532400000,'1d','fixed'),(98,1327186800000,1327964400000,'w','fixed'),(99,1326063600000,1327878000000,'0','sliding'),(100,1326063600000,1326927600000,'0','fixed'),(101,1325977200000,1327100400000,'2d','fixed'),(102,1326668400000,1327964400000,'0','fixed'),(103,1326668400000,1327878000000,'1d','fixed'),(104,1325718000000,1327446000000,'0','fixed'),(105,1325977200000,1328050800000,'w','fixed'),(106,1325631600000,1327014000000,'1d','fixed'),(107,1326409200000,1327273200000,'w','fixed'),(108,1325372400000,1327705200000,'w','fixed'),(109,1326150000000,1327791600000,'w','fixed'),(110,1325372400000,1327791600000,'0','fixed'),(111,1325458800000,1326495600000,'w','fixed'),(112,1326668400000,1328050800000,'w','fixed'),(113,1325631600000,1326409200000,'1d','fixed'),(114,1326322800000,1328050800000,'2d','fixed'),(115,1326668400000,1327791600000,'1d','fixed'),(116,1325372400000,1327878000000,'w','fixed'),(117,1326150000000,1326927600000,'w','fixed'),(118,1325545200000,1326322800000,'0','fixed'),(119,1325718000000,1326841200000,'w','fixed'),(120,1325804400000,1327791600000,'w','fixed'),(121,1325458800000,1326409200000,'2d','fixed'),(122,1327100400000,1327878000000,'0','sliding'),(123,1325718000000,1326582000000,'1d','fixed'),(124,1325372400000,1328050800000,'2d','fixed'),(125,1326150000000,1327618800000,'1d','fixed'),(126,1325372400000,1327878000000,'w','fixed'),(127,1325804400000,1327964400000,'w','fixed'),(128,1325718000000,1327100400000,'2d','fixed'),(129,1325545200000,1327964400000,'w','fixed'),(130,1325890800000,1327359600000,'1d','fixed'),(131,1325458800000,1328050800000,'0','fixed'),(132,1325718000000,1327791600000,'w','fixed'),(133,1326322800000,1327186800000,'w','fixed'),(134,1325977200000,1327964400000,'0','fixed'),(135,1326409200000,1327618800000,'w','fixed'),(136,1325372400000,1327964400000,'w','fixed'),(137,1327014000000,1327964400000,'1d','fixed'),(138,1326322800000,1327532400000,'w','fixed'),(139,1326409200000,1327791600000,'w','fixed'),(140,1325631600000,1327618800000,'2d','fixed'),(141,1325977200000,1327618800000,'0','fixed'),(142,1325890800000,1327964400000,'1d','fixed'),(143,1325458800000,1327964400000,'2d','fixed'),(144,1326236400000,1327014000000,'2d','fixed'),(145,1326927600000,1327791600000,'2d','fixed'),(146,1325804400000,1327273200000,'0','fixed'),(147,1325458800000,1328050800000,'w','fixed'),(148,1326668400000,1327618800000,'w','fixed'),(149,1325372400000,1327878000000,'2d','fixed'),(150,1325545200000,1327791600000,'w','fixed'),(151,1325545200000,1326495600000,'1d','fixed'),(152,1327359600000,1327964400000,'w','fixed'),(153,1325372400000,1328050800000,'w','fixed'),(154,1325804400000,1327186800000,'1d','fixed'),(155,1326236400000,1327618800000,'2d','fixed'),(156,1325372400000,1328050800000,'w','sliding'),(157,1326495600000,1327705200000,'w','fixed'),(158,1325890800000,1326582000000,'2d','fixed'),(159,1325631600000,1327878000000,'1d','sliding'),(160,1326495600000,1327532400000,'0','fixed'),(161,1325372400000,1327964400000,'w','sliding'),(162,1325804400000,1327359600000,'1d','fixed'),(163,1325804400000,1326668400000,'2d','fixed'),(164,1325718000000,1327705200000,'2d','fixed'),(165,1325372400000,1327878000000,'w','fixed'),(166,1325718000000,1328050800000,'w','fixed'),(167,1325890800000,1327273200000,'0','fixed'),(168,1326841200000,1327532400000,'2d','fixed'),(169,1326668400000,1327618800000,'1d','fixed'),(170,1326236400000,1327878000000,'0','fixed'),(171,1326409200000,1328050800000,'w','fixed'),(172,1327100400000,1327705200000,'1d','fixed'),(173,1325458800000,1327964400000,'w','fixed'),(174,1325718000000,1326495600000,'1d','fixed'),(175,1325718000000,1326927600000,'w','fixed'),(176,1325545200000,1327446000000,'2d','fixed'),(177,1325804400000,1327964400000,'1d','fixed'),(178,1325631600000,1328050800000,'0','fixed'),(179,1325458800000,1327705200000,'0','fixed'),(180,1325631600000,1328050800000,'1d','fixed'),(181,1325890800000,1327618800000,'2d','fixed'),(182,1326409200000,1327791600000,'0','fixed'),(183,1326236400000,1326841200000,'w','fixed'),(184,1325458800000,1327273200000,'w','fixed'),(185,1326582000000,1327186800000,'0','sliding'),(186,1326236400000,1327618800000,'w','fixed'),(187,1325545200000,1327532400000,'1d','fixed'),(188,1325458800000,1326754800000,'1d','fixed'),(189,1326409200000,1327964400000,'1d','sliding'),(190,1325372400000,1326409200000,'1d','fixed'),(191,1325718000000,1326754800000,'2d','fixed'),(192,1326322800000,1327446000000,'0','fixed'),(193,1325458800000,1326841200000,'2d','fixed'),(194,1325804400000,1327791600000,'1d','fixed'),(195,1325545200000,1327878000000,'w','fixed'),(196,1325631600000,1327964400000,'w','fixed'),(197,1325372400000,1327791600000,'w','fixed'),(198,1325372400000,1328050800000,'2d','fixed'),(199,1325631600000,1328050800000,'1d','fixed'),(200,1325372400000,1327705200000,'w','fixed'),(201,1326841200000,1327446000000,'0','fixed'),(202,1325372400000,1327532400000,'w','fixed'),(203,1325545200000,1328050800000,'w','fixed'),(204,1326063600000,1327878000000,'1d','sliding'),(205,1325718000000,1327359600000,'w','fixed'),(206,1326754800000,1327878000000,'0','fixed'),(207,1325458800000,1327359600000,'1d','fixed'),(208,1326582000000,1327964400000,'2d','fixed'),(209,1326582000000,1327964400000,'w','fixed'),(210,1325545200000,1327618800000,'0','fixed'),(211,1325977200000,1327532400000,'w','fixed'),(212,1325545200000,1327791600000,'1d','fixed'),(213,1325458800000,1327791600000,'1d','fixed'),(214,1325545200000,1326322800000,'0','fixed'),(215,1326495600000,1327186800000,'w','fixed'),(216,1325890800000,1327186800000,'w','fixed'),(217,1325977200000,1327014000000,'w','fixed'),(218,1326582000000,1327964400000,'w','fixed'),(219,1325804400000,1327705200000,'w','fixed'),(220,1325804400000,1326495600000,'0','fixed'),(221,1325372400000,1327014000000,'w','fixed'),(222,1325977200000,1327618800000,'w','fixed'),(223,1326063600000,1327446000000,'1d','fixed'),(224,1325718000000,1326322800000,'1d','fixed'),(225,1327359600000,1328050800000,'1d','fixed'),(226,1326841200000,1327878000000,'w','fixed'),(227,1325372400000,1328050800000,'w','fixed'),(228,1326668400000,1327964400000,'w','fixed'),(229,1326063600000,1327100400000,'w','fixed'),(230,1325631600000,1327273200000,'w','fixed'),(231,1325372400000,1327878000000,'0','fixed'),(232,1326495600000,1328050800000,'w','fixed'),(233,1325545200000,1327964400000,'1d','fixed'),(234,1325718000000,1326668400000,'w','fixed'),(235,1327186800000,1327791600000,'1d','fixed'),(236,1325545200000,1327446000000,'2d','fixed'),(237,1325372400000,1328050800000,'1d','fixed'),(238,1325804400000,1327273200000,'2d','fixed'),(239,1326236400000,1327705200000,'1d','fixed'),(240,1325631600000,1327964400000,'2d','fixed'),(241,1325545200000,1327014000000,'w','fixed'),(242,1326409200000,1327273200000,'1d','sliding'),(243,1325372400000,1327964400000,'1d','fixed'),(244,1326236400000,1327532400000,'w','fixed'),(245,1325458800000,1327964400000,'0','fixed'),(246,1326495600000,1327618800000,'1d','fixed'),(247,1326754800000,1327878000000,'1d','sliding'),(248,1326409200000,1328050800000,'1d','fixed'),(249,1325372400000,1327964400000,'0','fixed'),(250,1327100400000,1327964400000,'w','fixed'),(251,1326150000000,1327273200000,'w','fixed'),(252,1325631600000,1327446000000,'w','fixed'),(253,1325458800000,1327964400000,'w','fixed'),(254,1325631600000,1327878000000,'w','fixed'),(255,1325372400000,1327964400000,'0','fixed'),(256,1325545200000,1326927600000,'w','fixed'),(257,1325631600000,1327359600000,'0','fixed'),(258,1326150000000,1326754800000,'2d','sliding'),(259,1326063600000,1327878000000,'2d','fixed'),(260,1325458800000,1327186800000,'1d','fixed'),(261,1325458800000,1326063600000,'1d','fixed'),(262,1325631600000,1326409200000,'2d','fixed'),(263,1325545200000,1326495600000,'1d','fixed'),(264,1326495600000,1327359600000,'w','fixed'),(265,1325458800000,1326409200000,'1d','fixed'),(266,1325804400000,1326495600000,'w','fixed'),(267,1326495600000,1327791600000,'w','fixed'),(268,1325458800000,1327618800000,'w','fixed'),(269,1326495600000,1327186800000,'2d','fixed'),(270,1325977200000,1328050800000,'w','fixed'),(271,1325372400000,1327532400000,'0','fixed'),(272,1326150000000,1327186800000,'1d','fixed'),(273,1325458800000,1327359600000,'1d','fixed'),(274,1325890800000,1327791600000,'1d','fixed'),(275,1326754800000,1327878000000,'0','fixed'),(276,1325804400000,1327618800000,'1d','fixed'),(277,1326754800000,1327359600000,'w','fixed'),(278,1326236400000,1327618800000,'2d','fixed'),(279,1325804400000,1327705200000,'2d','fixed'),(280,1325458800000,1327446000000,'w','fixed'),(281,1326668400000,1328050800000,'1d','fixed'),(282,1326495600000,1327359600000,'w','fixed'),(283,1325718000000,1327359600000,'0','fixed'),(284,1326063600000,1327705200000,'1d','sliding'),(285,1325372400000,1327014000000,'2d','fixed'),(286,1325372400000,1328050800000,'w','fixed'),(287,1326754800000,1327359600000,'1d','sliding'),(288,1325372400000,1327186800000,'w','fixed'),(289,1325718000000,1326754800000,'1d','fixed'),(290,1325718000000,1327186800000,'2d','fixed'),(291,1325718000000,1327532400000,'w','fixed'),(292,1325545200000,1327964400000,'w','fixed'),(293,1325458800000,1327964400000,'0','fixed'),(294,1326322800000,1327532400000,'1d','fixed'),(295,1326668400000,1327878000000,'w','fixed'),(296,1326495600000,1327186800000,'2d','sliding'),(297,1326841200000,1327446000000,'w','fixed'),(298,1325890800000,1327446000000,'2d','fixed'),(299,1325804400000,1327705200000,'1d','fixed'),(300,1325458800000,1327532400000,'2d','fixed');
/*!40000 ALTER TABLE `campaign` ENABLE KEYS */;
UNLOCK TABLES;

--
-- Table structure for table `conjunct`
--

DROP TABLE IF EXISTS `conjunct`;
/*!40101 SET @saved_cs_client     = @@character_set_client */;
/*!40101 SET character_set_client = utf8 */;
CREATE TABLE `conjunct` (
  `id` int(11) NOT NULL,
  `campaign` int(11) NOT NULL,
  PRIMARY KEY (`id`),
  KEY `campaign` (`campaign`),
  CONSTRAINT `conjunct_ibfk_1` FOREIGN KEY (`campaign`) REFERENCES `campaign` (`id`)
) ENGINE=InnoDB DEFAULT CHARSET=latin1;
/*!40101 SET character_set_client = @saved_cs_client */;

--
-- Dumping data for table `conjunct`
--

LOCK TABLES `conjunct` WRITE;
/*!40000 ALTER TABLE `conjunct` DISABLE KEYS */;
INSERT INTO `conjunct` VALUES (1,1),(2,1),(3,2),(4,2),(5,2),(6,3),(7,4),(8,5),(9,5),(10,5),(11,5),(12,6),(13,6),(14,6),(15,6),(16,6),(17,7),(18,7),(19,7),(20,8),(21,8),(22,8),(23,8),(24,9),(25,9),(26,9),(27,9),(28,9),(29,10),(30,11),(31,11),(32,11),(33,12),(34,12),(35,12),(36,13),(37,13),(38,13),(39,13),(40,13),(41,14),(42,14),(43,15),(44,15),(45,16),(46,16),(47,16),(48,16),(49,17),(50,17),(51,17),(52,17),(53,17),(54,18),(55,18),(56,18),(57,19),(58,20),(59,20),(60,20),(61,21),(62,22),(63,23),(64,23),(65,23),(66,23),(67,24),(68,24),(69,24),(70,24),(71,25),(72,25),(73,25),(74,26),(75,26),(76,26),(77,26),(78,27),(79,27),(80,27),(81,27),(82,27),(83,28),(84,28),(85,28),(86,28),(87,28),(88,29),(89,30),(90,31),(91,31),(92,32),(93,33),(94,33),(95,33),(96,34),(97,35),(98,35),(99,35),(100,35),(101,35),(102,36),(103,36),(104,36),(105,36),(106,37),(107,37),(108,37),(109,37),(110,38),(111,39),(112,40),(113,40),(114,40),(115,41),(116,41),(117,42),(118,42),(119,43),(120,44),(121,44),(122,44),(123,45),(124,46),(125,46),(126,46),(127,46),(128,46),(129,47),(130,48),(131,48),(132,48),(133,48),(134,49),(135,50),(136,50),(137,50),(138,50),(139,51),(140,51),(141,51),(142,52),(143,52),(144,53),(145,54),(146,54),(147,54),(148,54),(149,54),(150,55),(151,55),(152,55),(153,55),(154,56),(155,56),(156,56),(157,56),(158,56),(159,57),(160,57),(161,58),(162,58),(163,58),(164,59),(165,59),(166,59),(167,59),(168,60),(169,60),(170,60),(171,61),(172,62),(173,62),(174,62),(175,63),(176,63),(177,64),(178,64),(179,64),(180,64),(181,65),(182,65),(183,65),(184,65),(185,65),(186,66),(187,66),(188,67),(189,67),(190,67),(191,68),(192,68),(193,69),(194,69),(195,70),(196,70),(197,71),(198,71),(199,71),(200,72),(201,72),(202,72),(203,72),(204,72),(205,73),(206,73),(207,73),(208,74),(209,74),(210,74),(211,75),(212,75),(213,75),(214,76),(215,76),(216,77),(217,77),(218,77),(219,77),(220,78),(221,78),(222,79),(223,79),(224,79),(225,79),(226,80),(227,80),(228,80),(229,81),(230,81),(231,82),(232,82),(233,82),(234,82),(235,82),(236,83),(237,83),(238,83),(239,83),(240,83),(241,84),(242,84),(243,84),(244,85),(245,85),(246,85),(247,85),(248,86),(249,86),(250,87),(251,88),(252,88),(253,88),(254,88),(255,88),(256,89),(257,89),(258,90),(259,90),(260,90),(261,90),(262,91),(263,91),(264,91),(265,91),(266,91),(267,92),(268,93),(269,93),(270,93),(271,93),(272,93),(273,94),(274,94),(275,94),(276,94),(277,95),(278,95),(279,95),(280,95),(281,96),(282,96),(283,96),(284,97),(285,97),(286,97),(287,98),(288,98),(289,98),(290,98),(291,99),(292,99),(293,99),(294,99),(295,100),(296,100),(297,100),(298,100),(299,101),(300,101),(301,101),(302,101),(303,102),(304,102),(305,102),(306,102),(307,103),(308,103),(309,103),(310,103),(311,103),(312,104),(313,104),(314,105),(315,105),(316,105),(317,106),(318,106),(319,106),(320,106),(321,107),(322,107),(323,107),(324,107),(325,107),(326,108),(327,108),(328,108),(329,108),(330,109),(331,109),(332,109),(333,109),(334,109),(335,110),(336,110),(337,110),(338,111),(339,111),(340,111),(341,112),(342,112),(343,112),(344,112),(345,112),(346,113),(347,113),(348,113),(349,114),(350,114),(351,114),(352,115),(353,115),(354,115),(355,116),(356,116),(357,116),(358,116),(359,117),(360,117),(361,118),(362,119),(363,119),(364,119),(365,120),(366,120),(367,120),(368,120),(369,120),(370,121),(371,122),(372,122),(373,122),(374,122),(375,123),(376,123),(377,123),(378,124),(379,124),(380,124),(381,124),(382,125),(383,125),(384,125),(385,125),(386,126),(387,126),(388,126),(389,126),(390,127),(391,128),(392,128),(393,128),(394,129),(395,129),(396,129),(397,129),(398,130),(399,130),(400,131),(401,131),(402,131),(403,132),(404,133),(405,133),(406,133),(407,133),(408,134),(409,134),(410,135),(411,135),(412,135),(413,135),(414,136),(415,136),(416,136),(417,136),(418,137),(419,137),(420,137),(421,138),(422,139),(423,140),(424,140),(425,140),(426,141),(427,142),(428,143),(429,143),(430,143),(431,144),(432,145),(433,145),(434,145),(435,145),(436,146),(437,146),(438,146),(439,146),(440,147),(441,147),(442,148),(443,148),(444,148),(445,148),(446,148),(447,149),(448,150),(449,150),(450,150),(451,151),(452,151),(453,151),(454,152),(455,152),(456,152),(457,152),(458,153),(459,153),(460,153),(461,153),(462,154),(463,154),(464,154),(465,154),(466,155),(467,155),(468,155),(469,156),(470,156),(471,157),(472,157),(473,158),(474,158),(475,158),(476,158),(477,159),(478,159),(479,159),(480,160),(481,160),(482,160),(483,161),(484,161),(485,161),(486,162),(487,162),(488,162),(489,163),(490,163),(491,164),(492,164),(493,165),(494,165),(495,166),(496,166),(497,166),(498,166),(499,166),(500,167),(501,167),(502,167),(503,167),(504,168),(505,169),(506,169),(507,169),(508,169),(509,169),(510,170),(511,170),(512,170),(513,170),(514,171),(515,171),(516,171),(517,171),(518,172),(519,172),(520,172),(521,172),(522,172),(523,173),(524,173),(525,173),(526,173),(527,173),(528,174),(529,175),(530,175),(531,175),(532,176),(533,176),(534,177),(535,178),(536,179),(537,179),(538,179),(539,180),(540,180),(541,180),(542,180),(543,180),(544,181),(545,181),(546,181),(547,182),(548,182),(549,182),(550,183),(551,183),(552,184),(553,184),(554,184),(555,184),(556,184),(557,185),(558,185),(559,185),(560,186),(561,186),(562,186),(563,186),(564,187),(565,188),(566,188),(567,188),(568,188),(569,189),(570,189),(571,189),(572,190),(573,191),(574,191),(575,191),(576,191),(577,192),(578,193),(579,194),(580,194),(581,194),(582,194),(583,194),(584,195),(585,196),(586,197),(587,197),(588,198),(589,199),(590,200),(591,200),(592,200),(593,200),(594,200),(595,201),(596,201),(597,201),(598,201),(599,202),(600,202),(601,202),(602,203),(603,203),(604,203),(605,203),(606,203),(607,204),(608,204),(609,205),(610,205),(611,205),(612,205),(613,206),(614,206),(615,207),(616,207),(617,207),(618,208),(619,208),(620,208),(621,208),(622,208),(623,209),(624,209),(625,210),(626,210),(627,210),(628,210),(629,210),(630,211),(631,211),(632,212),(633,212),(634,212),(635,213),(636,214),(637,214),(638,214),(639,214),(640,214),(641,215),(642,215),(643,215),(644,216),(645,216),(646,216),(647,217),(648,217),(649,218),(650,219),(651,219),(652,219),(653,219),(654,220),(655,220),(656,220),(657,221),(658,222),(659,223),(660,223),(661,224),(662,224),(663,224),(664,224),(665,225),(666,225),(667,226),(668,226),(669,226),(670,227),(671,227),(672,228),(673,229),(674,229),(675,229),(676,230),(677,230),(678,230),(679,230),(680,230),(681,231),(682,232),(683,232),(684,232),(685,232),(686,232),(687,233),(688,234),(689,234),(690,234),(691,234),(692,234),(693,235),(694,235),(695,235),(696,235),(697,236),(698,236),(699,237),(700,238),(701,238),(702,238),(703,238),(704,239),(705,240),(706,240),(707,240),(708,240),(709,240),(710,241),(711,241),(712,241),(713,241),(714,242),(715,242),(716,243),(717,243),(718,244),(719,244),(720,245),(721,245),(722,245),(723,245),(724,245),(725,246),(726,246),(727,246),(728,247),(729,247),(730,248),(731,248),(732,248),(733,249),(734,249),(735,249),(736,249),(737,249),(738,250),(739,250),(740,250),(741,250),(742,251),(743,251),(744,251),(745,251),(746,251),(747,252),(748,252),(749,252),(750,253),(751,253),(752,253),(753,253),(754,254),(755,254),(756,255),(757,256),(758,256),(759,256),(760,257),(761,257),(762,258),(763,258),(764,258),(765,258),(766,258),(767,259),(768,259),(769,259),(770,260),(771,261),(772,261),(773,261),(774,261),(775,261),(776,262),(777,262),(778,262),(779,262),(780,263),(781,263),(782,263),(783,264),(784,264),(785,264),(786,264),(787,265),(788,265),(789,265),(790,265),(791,265),(792,266),(793,266),(794,266),(795,266),(796,267),(797,267),(798,267),(799,268),(800,268),(801,268),(802,268),(803,269),(804,270),(805,271),(806,271),(807,271),(808,272),(809,272),(810,273),(811,273),(812,273),(813,274),(814,275),(815,275),(816,276),(817,276),(818,276),(819,276),(820,277),(821,277),(822,277),(823,277),(824,278),(825,278),(826,278),(827,278),(828,279),(829,279),(830,279),(831,279),(832,279),(833,280),(834,280),(835,280),(836,280),(837,281),(838,281),(839,281),(840,281),(841,281),(842,282),(843,282),(844,282),(845,282),(846,282),(847,283),(848,283),(849,283),(850,283),(851,283),(852,284),(853,284),(854,284),(855,285),(856,285),(857,285),(858,285),(859,285),(860,286),(861,286),(862,287),(863,287),(864,287),(865,287),(866,287),(867,288),(868,288),(869,288),(870,288),(871,289),(872,289),(873,289),(874,289),(875,290),(876,290),(877,290),(878,290),(879,291),(880,291),(881,291),(882,292),(883,292),(884,292),(885,292),(886,293),(887,294),(888,294),(889,294),(890,294),(891,294),(892,295),(893,295),(894,295),(895,295),(896,296),(897,296),(898,296),(899,297),(900,297),(901,297),(902,297),(903,297),(904,298),(905,298),(906,299),(907,299),(908,299),(909,300),(910,300);
/*!40000 ALTER TABLE `conjunct` ENABLE KEYS */;
UNLOCK TABLES;

--
-- Table structure for table `conjunct_predicate`
--

DROP TABLE IF EXISTS `conjunct_predicate`;
/*!40101 SET @saved_cs_client     = @@character_set_client */;
/*!40101 SET character_set_client = utf8 */;
CREATE TABLE `conjunct_predicate` (
  `predicate` int(11) NOT NULL,
  `conjunct` int(11) NOT NULL,
  PRIMARY KEY (`predicate`,`conjunct`),
  KEY `conjunct` (`conjunct`),
  CONSTRAINT `conjunct_predicate_ibfk_1` FOREIGN KEY (`predicate`) REFERENCES `predicate` (`id`),
  CONSTRAINT `conjunct_predicate_ibfk_2` FOREIGN KEY (`conjunct`) REFERENCES `conjunct` (`id`)
) ENGINE=InnoDB DEFAULT CHARSET=latin1;
/*!40101 SET character_set_client = @saved_cs_client */;

--
-- Dumping data for table `conjunct_predicate`
--

LOCK TABLES `conjunct_predicate` WRITE;
/*!40000 ALTER TABLE `conjunct_predicate` DISABLE KEYS */;
INSERT INTO `conjunct_predicate` VALUES (1,1),(2,1),(3,2),(4,2),(5,3),(6,4),(7,5),(8,5),(9,5),(10,5),(11,5),(12,6),(13,6),(14,6),(15,7),(16,7),(17,7),(18,7),(19,7),(20,8),(21,8),(22,8),(23,8),(24,8),(25,9),(26,9),(27,9),(28,9),(29,10),(30,10),(31,10),(32,11),(33,11),(34,11),(35,11),(36,12),(37,12),(38,12),(39,13),(40,14),(41,14),(42,14),(43,14),(44,15),(45,15),(46,15),(47,15),(48,16),(49,16),(50,16),(51,17),(52,17),(53,18),(54,18),(55,18),(56,18),(57,19),(58,20),(59,20),(60,20),(61,20),(62,20),(63,21),(64,22),(65,22),(66,22),(67,23),(68,23),(69,24),(70,24),(71,24),(72,25),(73,25),(74,26),(75,26),(76,26),(77,26),(78,27),(79,27),(80,27),(81,27),(82,27),(83,28),(84,28),(85,28),(86,29),(87,29),(88,29),(89,29),(90,29),(91,30),(92,30),(93,30),(94,30),(95,31),(96,31),(97,32),(98,32),(99,32),(100,33),(101,34),(102,34),(103,34),(104,34),(105,35),(106,35),(107,35),(108,35),(109,36),(110,36),(111,37),(112,37),(113,37),(114,37),(115,37),(116,38),(117,38),(118,38),(119,38),(120,39),(121,39),(122,40),(123,40),(124,41),(125,41),(126,42),(127,42),(128,42),(129,43),(130,44),(131,44),(132,45),(133,45),(134,45),(135,46),(136,46),(137,46),(138,47),(139,47),(140,47),(141,47),(142,48),(143,48),(144,48),(145,49),(146,49),(147,49),(148,50),(149,51),(150,51),(151,52),(152,52),(153,53),(154,53),(155,53),(156,53),(157,53),(158,54),(159,54),(160,54),(161,55),(162,55),(163,56),(164,56),(165,56),(166,57),(167,57),(168,58),(169,59),(170,59),(120,60),(171,60),(172,60),(173,61),(174,61),(175,62),(176,62),(177,62),(178,62),(179,62),(180,63),(181,63),(182,64),(183,64),(184,64),(185,65),(186,66),(187,66),(188,66),(189,67),(190,67),(191,67),(192,67),(193,67),(194,68),(195,68),(196,68),(197,68),(198,68),(199,69),(200,69),(201,70),(202,70),(203,70),(204,70),(205,70),(206,71),(207,71),(208,71),(209,71),(210,72),(211,72),(212,72),(213,72),(214,72),(215,73),(216,74),(217,74),(218,74),(219,74),(220,74),(221,75),(222,75),(223,75),(224,75),(225,76),(226,76),(227,77),(228,77),(229,77),(230,77),(231,78),(232,78),(233,78),(234,78),(235,79),(236,79),(237,79),(238,79),(239,79),(240,80),(241,80),(242,81),(243,81),(244,81),(245,81),(246,81),(247,82),(248,82),(249,82),(250,82),(251,82),(252,83),(253,83),(254,83),(255,84),(256,84),(257,84),(258,84),(259,85),(260,85),(261,85),(262,86),(263,86),(264,86),(265,86),(266,86),(267,87),(268,87),(269,87),(270,87),(271,88),(272,88),(273,89),(274,90),(275,90),(276,90),(247,91),(277,91),(278,91),(279,92),(280,93),(281,94),(282,94),(283,95),(284,95),(285,95),(286,95),(287,95),(288,96),(289,96),(290,96),(291,96),(292,96),(293,97),(294,97),(295,97),(296,98),(297,98),(298,98),(299,98),(300,99),(301,99),(302,99),(303,99),(6,100),(304,100),(305,100),(306,100),(307,100),(308,101),(309,101),(310,101),(311,101),(312,101),(313,102),(314,102),(315,102),(316,102),(317,102),(318,103),(319,103),(320,104),(321,104),(322,105),(323,106),(324,106),(325,106),(326,106),(327,107),(328,107),(329,107),(330,108),(331,109),(332,109),(333,109),(334,110),(335,110),(336,110),(337,111),(338,112),(339,113),(340,113),(341,113),(342,114),(343,114),(344,114),(345,114),(346,114),(347,115),(348,115),(349,116),(350,116),(142,117),(351,117),(352,117),(353,118),(354,119),(355,120),(356,121),(357,121),(358,122),(359,122),(360,122),(361,122),(362,123),(363,123),(364,123),(365,123),(366,123),(367,124),(368,124),(369,125),(370,126),(371,126),(372,126),(373,126),(374,126),(375,127),(376,127),(377,127),(378,128),(379,128),(380,128),(381,128),(382,128),(383,129),(384,130),(385,131),(386,131),(387,132),(388,132),(389,132),(390,132),(391,132),(392,133),(393,133),(394,133),(395,134),(396,134),(397,134),(398,134),(399,135),(400,135),(401,135),(402,135),(403,136),(404,136),(405,136),(406,136),(407,137),(408,138),(409,138),(410,138),(411,139),(412,140),(413,141),(414,142),(415,142),(416,143),(417,143),(418,144),(419,144),(420,144),(421,144),(422,145),(423,145),(424,145),(425,145),(426,146),(427,146),(428,146),(429,146),(430,146),(431,147),(432,147),(433,148),(434,149),(435,149),(436,149),(437,149),(438,149),(439,150),(440,150),(441,151),(442,151),(443,151),(444,151),(445,151),(446,152),(447,152),(448,152),(449,152),(450,152),(451,153),(452,153),(453,153),(454,153),(455,153),(456,154),(457,154),(458,154),(459,155),(460,155),(461,155),(462,155),(463,155),(464,156),(465,156),(466,156),(467,157),(468,157),(469,157),(470,157),(471,158),(472,158),(473,158),(474,159),(475,159),(476,159),(477,159),(6,160),(478,160),(479,161),(480,161),(481,161),(482,162),(483,163),(484,164),(485,164),(486,165),(487,166),(488,167),(489,167),(490,167),(491,167),(492,168),(493,168),(494,168),(495,168),(496,168),(497,169),(498,169),(499,170),(500,171),(501,171),(502,171),(503,171),(504,171),(505,172),(506,172),(507,173),(508,173),(509,173),(510,174),(511,174),(512,174),(513,174),(514,175),(515,175),(516,176),(517,176),(518,176),(519,176),(520,176),(521,177),(522,177),(523,177),(524,178),(525,178),(312,179),(526,179),(527,179),(528,179),(529,179),(530,180),(531,180),(532,180),(533,181),(534,181),(535,181),(536,181),(537,181),(538,182),(539,182),(540,182),(541,182),(542,183),(543,183),(544,184),(545,184),(546,184),(547,185),(548,185),(549,185),(550,185),(551,185),(552,186),(553,186),(554,186),(555,187),(556,187),(557,187),(558,187),(559,188),(408,189),(560,189),(561,189),(562,189),(563,189),(564,190),(565,191),(566,191),(567,191),(568,191),(569,192),(570,192),(571,192),(572,193),(25,194),(573,194),(574,194),(575,194),(576,194),(577,195),(578,195),(579,195),(580,196),(581,197),(582,197),(583,197),(584,197),(585,197),(586,198),(587,198),(588,198),(589,199),(590,199),(591,200),(592,200),(593,201),(594,201),(595,202),(596,202),(597,202),(598,203),(599,204),(600,204),(601,205),(602,205),(603,206),(604,206),(605,206),(606,206),(607,206),(608,207),(609,207),(610,207),(611,207),(612,208),(613,208),(614,208),(615,208),(616,208),(617,209),(618,209),(619,210),(620,210),(621,210),(622,211),(623,211),(624,211),(625,211),(626,212),(627,212),(628,213),(629,213),(630,214),(631,214),(632,214),(633,214),(634,214),(635,215),(636,215),(637,215),(638,215),(639,216),(640,216),(641,217),(642,217),(643,217),(644,218),(645,218),(646,218),(647,219),(648,219),(649,219),(650,219),(651,219),(652,220),(653,221),(654,221),(655,221),(656,221),(657,221),(658,222),(659,222),(660,222),(661,223),(662,223),(663,223),(664,223),(665,223),(557,224),(666,224),(667,224),(668,224),(669,225),(670,226),(671,226),(672,226),(673,226),(674,227),(675,227),(676,227),(677,227),(678,228),(679,228),(680,228),(681,229),(682,229),(683,229),(684,229),(685,229),(686,230),(687,230),(688,231),(689,231),(690,231),(691,231),(692,231),(693,232),(694,232),(695,233),(696,233),(697,234),(698,234),(699,235),(700,235),(701,235),(702,235),(703,236),(704,237),(705,238),(706,238),(707,238),(708,238),(709,238),(710,239),(711,239),(712,239),(713,239),(714,240),(715,241),(716,241),(717,242),(718,242),(719,242),(720,242),(721,242),(722,243),(723,243),(724,243),(725,243),(726,243),(727,244),(728,244),(729,244),(730,244),(731,244),(732,245),(733,245),(734,245),(735,245),(736,245),(737,246),(738,246),(739,246),(740,247),(741,248),(742,248),(743,248),(686,249),(744,249),(745,250),(746,250),(747,250),(748,250),(749,251),(750,251),(751,252),(752,252),(753,252),(279,253),(754,253),(755,253),(32,254),(756,255),(757,256),(758,256),(759,257),(760,257),(761,257),(762,258),(763,258),(764,258),(765,258),(766,259),(767,259),(768,260),(769,260),(770,260),(771,261),(772,261),(773,261),(774,261),(775,261),(776,262),(777,263),(778,263),(779,264),(780,265),(781,265),(782,265),(783,265),(784,266),(785,266),(786,266),(787,266),(788,267),(789,268),(790,268),(791,269),(792,270),(793,270),(794,270),(795,270),(796,270),(797,271),(798,272),(799,272),(800,272),(801,272),(802,273),(803,273),(804,273),(805,274),(806,274),(807,274),(808,274),(809,274),(810,275),(811,275),(812,275),(813,275),(814,276),(815,276),(816,276),(817,276),(818,276),(819,277),(820,277),(821,277),(822,277),(823,278),(824,278),(825,279),(826,279),(827,279),(828,280),(829,281),(830,281),(831,282),(832,282),(833,283),(834,283),(835,283),(836,284),(837,284),(838,285),(839,285),(840,286),(841,286),(842,286),(843,286),(844,286),(845,287),(846,287),(847,287),(848,287),(849,287),(850,288),(851,288),(852,288),(853,288),(854,289),(855,289),(856,290),(857,291),(858,291),(859,291),(860,291),(861,291),(862,292),(863,292),(864,292),(865,293),(866,293),(867,294),(868,294),(869,294),(870,294),(871,294),(872,295),(873,295),(874,295),(875,295),(876,296),(877,296),(878,297),(879,297),(880,297),(881,297),(882,298),(883,298),(884,298),(885,298),(886,299),(887,299),(888,299),(889,299),(890,299),(891,300),(892,301),(893,301),(894,301),(895,301),(896,302),(897,302),(898,303),(899,303),(900,303),(901,303),(902,304),(903,304),(904,304),(905,304),(906,304),(907,305),(908,305),(531,306),(909,306),(910,306),(911,307),(912,307),(913,307),(914,307),(915,307),(916,308),(917,308),(918,308),(919,308),(920,308),(921,309),(922,309),(923,309),(924,309),(925,309),(926,310),(927,310),(928,310),(929,310),(930,311),(931,311),(932,311),(933,311),(934,311),(935,312),(936,312),(937,312),(938,312),(939,312),(940,313),(941,313),(942,313),(943,313),(944,313),(945,314),(946,314),(947,315),(948,316),(949,316),(950,316),(951,316),(952,316),(953,317),(954,317),(955,317),(956,317),(957,317),(958,318),(959,319),(960,319),(961,319),(962,319),(963,319),(964,320),(965,320),(966,320),(967,321),(968,321),(969,322),(970,323),(971,323),(972,323),(973,324),(974,325),(975,326),(976,326),(977,327),(978,327),(979,327),(980,327),(981,328),(982,328),(983,328),(984,328),(985,329),(986,329),(987,329),(988,330),(989,330),(990,330),(991,330),(992,330),(993,331),(994,331),(995,331),(996,331),(997,332),(998,332),(999,332),(1000,332),(1001,333),(1002,333),(1003,333),(1004,333),(1005,334),(1006,335),(1007,335),(1008,335),(1009,335),(1010,335),(467,336),(1011,336),(1012,336),(1013,336),(1014,336),(1015,337),(1016,337),(1017,337),(1018,337),(1019,337),(1020,338),(1021,338),(1022,338),(1023,338),(1024,339),(1025,339),(1026,340),(1027,340),(1028,340),(1029,341),(1030,341),(1031,341),(1032,342),(1033,342),(1034,342),(1035,342),(1036,343),(1037,343),(1038,343),(1039,343),(1040,343),(1041,344),(1042,344),(1043,344),(1044,345),(1045,345),(1046,345),(1047,345),(1048,345),(1049,346),(1050,346),(1051,346),(1052,346),(1053,346),(1054,347),(1055,347),(1056,347),(1057,347),(1058,348),(1059,348),(1060,348),(1061,349),(1062,349),(1063,349),(1064,350),(1065,350),(1066,351),(1067,351),(1068,351),(1069,351),(1070,351),(1071,352),(1072,352),(1073,352),(1074,353),(1075,353),(1076,354),(1077,354),(1078,354),(1079,355),(1080,355),(1081,355),(1082,355),(1083,356),(1084,356),(1085,357),(1086,357),(1087,357),(1088,358),(1089,358),(1090,358),(1091,358),(1092,359),(1093,360),(1094,360),(1095,360),(1096,360),(1097,361),(1098,361),(1099,361),(1100,361),(1101,362),(1102,363),(1103,363),(1104,363),(1105,363),(1106,363),(403,364),(1107,365),(1108,366),(1109,366),(1110,366),(1111,366),(1112,367),(1113,367),(1114,368),(1115,368),(1116,368),(1117,368),(1118,369),(1119,369),(1120,369),(737,370),(1121,370),(1122,370),(1123,370),(1124,371),(1125,371),(1126,372),(1127,373),(1128,373),(1129,373),(1130,373),(467,374),(1131,374),(1132,374),(1133,374),(1134,375),(1135,375),(1136,375),(1137,376),(1138,376),(1139,376),(1140,376),(1141,376),(1142,377),(1143,377),(1144,377),(1145,377),(1146,377),(1147,378),(1148,378),(1149,378),(1150,378),(1151,379),(1152,379),(1153,380),(1154,381),(1155,381),(1156,381),(1157,381),(1158,382),(1159,382),(1160,383),(1161,383),(1162,383),(1163,384),(1164,384),(1165,385),(1166,385),(1167,385),(1168,385),(1169,385),(1170,386),(1171,386),(1172,386),(1173,387),(1174,388),(1175,388),(1176,388),(1177,389),(1178,389),(1179,389),(1180,389),(1181,390),(1182,390),(1183,391),(1184,391),(100,392),(1185,392),(1186,392),(1187,392),(1188,393),(1189,394),(1190,395),(1191,395),(1192,395),(1193,395),(1194,396),(1195,397),(1196,398),(1197,398),(1198,398),(1199,398),(1200,399),(1201,399),(1202,399),(1203,400),(1204,400),(1205,400),(1206,400),(1207,401),(1208,401),(1209,401),(1210,401),(1211,401),(1212,402),(1213,402),(1214,402),(1215,402),(1216,402),(1217,403),(1218,403),(1219,404),(1220,404),(1221,405),(1222,405),(1223,405),(1224,405),(1225,405),(1226,406),(1227,406),(1228,406),(1229,406),(1230,406),(1231,407),(1232,407),(1233,407),(1234,408),(1235,408),(1236,408),(1237,409),(1238,409),(1239,410),(1240,410),(1241,410),(1242,411),(1243,411),(1244,412),(1245,412),(1246,413),(1247,413),(1248,413),(1249,414),(1250,414),(1251,414),(1252,414),(1253,414),(1254,415),(1255,415),(1256,415),(1257,415),(1258,415),(1259,416),(1260,416),(1261,416),(1262,416),(1263,416),(1264,417),(1265,417),(1266,417),(1267,417),(1268,418),(1269,418),(1270,419),(1271,420),(1272,420),(1273,420),(1274,420),(1275,420),(1276,421),(1277,421),(1278,421),(1279,421),(1280,421),(1281,422),(1282,422),(1283,422),(1284,422),(25,423),(1285,423),(1286,424),(1287,424),(1288,425),(1289,425),(1290,425),(1291,426),(1292,426),(1293,427),(1294,427),(1295,427),(1296,427),(1297,427),(1298,428),(1299,428),(1300,428),(1301,428),(1302,428),(1303,429),(1304,429),(1305,430),(1306,430),(1307,430),(1308,431),(1309,431),(1310,431),(1311,431),(1312,431),(1313,432),(1314,433),(1315,433),(1316,433),(1317,433),(1318,434),(1319,434),(1320,434),(1321,434),(1322,435),(1323,435),(1324,435),(1325,435),(1326,436),(1327,436),(1328,437),(1329,437),(1330,437),(1331,437),(1332,437),(1333,438),(1334,438),(1335,439),(1336,439),(1337,439),(1338,439),(1339,440),(1340,440),(1341,441),(1342,441),(1343,442),(1344,442),(1345,442),(1346,442),(1347,442),(1348,443),(1349,443),(1350,443),(1351,443),(383,444),(1352,444),(1353,444),(1354,445),(1355,445),(1356,446),(1357,446),(1358,446),(1359,446),(1360,446),(1361,447),(1362,447),(1363,447),(1364,448),(1365,448),(1366,448),(1367,448),(1368,448),(1369,449),(1370,449),(1371,449),(1372,449),(1373,449),(1374,450),(1375,450),(1376,450),(1377,450),(1378,450),(1379,451),(1380,451),(1381,451),(1382,452),(1383,453),(1384,453),(1385,454),(1386,454),(1387,454),(1388,454),(1389,455),(1390,455),(1391,455),(1392,455),(414,456),(1393,456),(1394,456),(1395,456),(1396,457),(1397,457),(1398,457),(1399,457),(1400,457),(1401,458),(1402,458),(1403,458),(1404,458),(1405,458),(1406,459),(7,460),(1407,460),(1408,460),(1409,460),(1410,461),(1411,461),(1412,462),(1413,462),(1414,463),(1415,463),(1416,464),(1417,465),(1418,465),(1419,465),(1420,465),(1421,465),(1422,466),(1423,467),(1424,468),(1425,468),(1426,469),(1427,470),(1428,470),(1429,470),(1430,471),(1431,471),(1432,471),(678,472),(1433,473),(1434,473),(1435,474),(1436,474),(1437,474),(1438,474),(1242,475),(1439,475),(1440,475),(1441,475),(1442,476),(1443,476),(1444,476),(1445,477),(1446,477),(1447,477),(1448,477),(1449,477),(1450,478),(1451,478),(1452,478),(1453,478),(1454,478),(1455,479),(1456,479),(1457,479),(1458,480),(1459,481),(1460,481),(1461,481),(1462,481),(1463,481),(1464,482),(1465,482),(1466,482),(1467,483),(1468,483),(1469,483),(1470,483),(1471,484),(1472,484),(653,485),(1473,485),(1474,485),(1475,485),(1476,485),(1477,486),(1242,487),(1478,487),(1479,487),(1480,487),(1481,487),(1482,488),(1483,488),(1484,488),(1485,488),(1486,489),(1487,489),(1488,489),(1489,489),(1490,490),(1491,490),(1492,490),(1493,490),(1494,490),(1495,491),(1496,492),(1497,492),(1498,492),(1499,492),(1500,493),(1501,493),(1502,493),(1503,493),(1504,493),(1505,494),(1506,494),(1507,494),(1508,494),(1509,494),(1510,495),(1511,495),(1512,495),(1513,496),(1514,496),(1515,496),(1516,497),(1517,497),(1518,497),(153,498),(1519,498),(1520,499),(1521,499),(1522,499),(1523,499),(1524,500),(1525,500),(1526,501),(1527,502),(1528,502),(1529,502),(1530,502),(1531,502),(1532,503),(1533,504),(1534,504),(1535,504),(1536,504),(1537,505),(1538,505),(1539,505),(1540,506),(1541,506),(1542,506),(1543,506),(1544,507),(1545,507),(1546,507),(1547,507),(1548,508),(1549,508),(1550,509),(1551,509),(1552,509),(1553,510),(1554,510),(1555,510),(1556,511),(1557,512),(1558,512),(1559,512),(1560,512),(1561,513),(1562,513),(1563,514),(1564,514),(1565,515),(1566,515),(1567,515),(1568,515),(1569,516),(1570,516),(1571,517),(1572,517),(1573,517),(1574,517),(1575,518),(1576,518),(1577,518),(1578,518),(1579,518),(1580,519),(1581,519),(1582,519),(1583,520),(1584,520),(1585,520),(1586,520),(1587,521),(1588,521),(1589,522),(1590,523),(1591,523),(1592,523),(1593,524),(1594,524),(1595,525),(1596,525),(1597,526),(1598,526),(1599,526),(1600,526),(1601,526),(1602,527),(1603,527),(1604,527),(1605,528),(1606,528),(1607,528),(1608,529),(1609,529),(1610,530),(1611,531),(1612,531),(1613,531),(1614,532),(1615,532),(1616,532),(1617,532),(1618,532),(1619,533),(1620,533),(1621,533),(1622,534),(1623,535),(1624,535),(1625,535),(1211,536),(1626,536),(1627,536),(1628,536),(1629,537),(1630,537),(1631,537),(1632,538),(1633,538),(1634,538),(1635,538),(1636,539),(1637,539),(1638,539),(1639,540),(1640,540),(1641,540),(1642,540),(1643,541),(1644,541),(1645,541),(1646,542),(1647,542),(1648,542),(1649,543),(1650,543),(1651,543),(1652,543),(1653,543),(1654,544),(1655,544),(1656,545),(1657,545),(1658,545),(1659,546),(1660,547),(1661,547),(1662,547),(1663,547),(1664,548),(1665,549),(1666,550),(1667,551),(1668,551),(1669,551),(1670,551),(1671,552),(1672,552),(1673,552),(1674,553),(1675,553),(1676,553),(1677,553),(1678,554),(1679,554),(1680,554),(1681,554),(1682,554),(1683,555),(1684,556),(1685,556),(1686,556),(1687,556),(1688,556),(1689,557),(1690,557),(1691,557),(1692,557),(1693,557),(1694,558),(1695,558),(1696,558),(1697,558),(1698,559),(1699,559),(1700,560),(1701,560),(1702,560),(1703,560),(1704,561),(1705,561),(1706,561),(1707,561),(1142,562),(1708,562),(1709,563),(1710,563),(1711,563),(1712,564),(1713,565),(1714,565),(1715,565),(1716,566),(1717,566),(1718,566),(1719,567),(1720,567),(1721,567),(1722,567),(1723,567),(521,568),(1724,568),(1725,568),(1726,568),(1727,568),(1728,569),(1729,570),(1730,570),(1731,570),(1732,571),(1733,571),(1734,572),(1735,572),(1736,572),(1737,573),(1738,573),(1739,573),(1740,573),(1741,574),(1742,574),(1743,574),(1744,575),(1745,575),(1746,576),(1747,577),(1748,578),(1749,578),(1750,578),(1751,578),(1752,579),(1753,579),(1754,579),(496,580),(1755,580),(1756,580),(1757,581),(1758,581),(1759,581),(1760,582),(1761,583),(1762,583),(1763,583),(1764,583),(143,584),(1765,584),(1766,584),(1767,584),(1768,584),(1769,585),(1770,586),(1771,587),(1772,588),(1773,588),(1286,589),(1774,589),(1775,589),(1776,589),(1777,590),(1778,590),(1779,590),(1780,590),(1781,591),(1782,591),(1783,591),(1784,591),(1785,592),(1786,593),(1787,593),(1788,593),(1789,593),(1790,594),(1791,594),(1792,594),(1793,595),(1794,595),(1795,596),(1796,597),(1797,597),(1798,598),(1799,598),(1800,598),(1801,599),(1802,599),(1803,599),(1804,599),(1805,599),(717,600),(1806,601),(1807,601),(1808,601),(1809,602),(1810,602),(1811,602),(1812,602),(1813,603),(1814,603),(1815,603),(1816,604),(1817,604),(1818,604),(1819,604),(1820,605),(1821,605),(1822,605),(1823,605),(1824,605),(1825,606),(1826,606),(1827,606),(1828,607),(1829,607),(1830,607),(1831,607),(1832,607),(1833,608),(1074,609),(1834,609),(1835,610),(1836,610),(1837,610),(1838,611),(1839,612),(1840,612),(1841,613),(1842,613),(1843,613),(1844,613),(1845,614),(1846,614),(1847,614),(1848,615),(1849,615),(1850,615),(1851,615),(577,616),(1852,616),(1853,616),(1854,617),(1855,617),(1856,618),(1857,618),(1858,618),(533,619),(1859,619),(1860,619),(1861,620),(1862,620),(1863,620),(1864,620),(1865,620),(1866,621),(25,622),(1867,622),(1868,622),(1869,622),(1870,623),(1871,623),(1872,623),(1873,624),(1874,624),(1875,625),(1876,625),(1877,625),(1878,625),(1879,625),(1880,626),(1881,626),(1882,626),(1883,626),(1884,626),(1885,627),(1886,627),(1887,627),(1888,627),(1889,628),(1890,628),(1891,629),(1892,629),(1893,629),(1894,629),(1895,629),(1896,630),(1897,630),(1898,630),(1899,631),(1900,631),(1901,631),(1902,631),(1903,632),(1904,632),(1905,632),(1906,632),(1907,633),(1908,634),(1909,634),(1910,634),(1911,634),(1912,634),(1913,635),(1914,635),(1915,635),(1916,636),(1917,637),(1918,637),(1919,638),(1920,638),(707,639),(1921,639),(1922,640),(1923,640),(1924,640),(1925,640),(1926,641),(1927,641),(1928,641),(1929,641),(1930,641),(1931,642),(1932,642),(1933,642),(1934,642),(1935,642),(1936,643),(1937,644),(1938,644),(1939,644),(1940,644),(1941,644),(434,645),(1942,645),(1943,646),(1944,646),(1945,646),(1946,646),(1947,647),(1948,647),(1949,647),(1950,648),(1951,648),(1952,648),(1953,648),(1954,649),(1955,650),(1956,650),(1957,650),(1958,650),(1959,650),(1960,651),(1961,651),(1962,651),(1963,651),(1964,651),(1,652),(1965,653),(1966,653),(1967,653),(1968,654),(1969,654),(1970,654),(1971,654),(1972,654),(630,655),(1973,655),(1974,655),(1975,656),(1976,656),(1977,656),(1978,656),(1979,657),(1980,657),(1981,658),(1982,659),(1983,659),(1984,659),(1985,659),(1986,660),(1987,660),(1988,660),(1989,661),(1990,661),(1991,661),(1992,661),(1993,662),(1994,662),(1995,663),(1996,663),(1997,663),(1998,663),(1999,664),(2000,664),(2001,664),(2002,664),(2003,665),(2004,665),(2005,665),(2006,666),(2007,666),(2008,667),(2009,667),(2010,667),(2011,668),(2012,669),(2013,669),(2014,670),(2015,670),(2016,670),(2017,670),(2018,671),(2019,671),(2020,671),(67,672),(2021,672),(2022,672),(2023,672),(2024,673),(2025,674),(2026,674),(2027,674),(2028,674),(2029,674),(2030,675),(2031,675),(2032,676),(2033,676),(2034,676),(2035,676),(2036,676),(2037,677),(2038,677),(2039,677),(2040,678),(2041,678),(2042,678),(2043,678),(2044,678),(2045,679),(2046,679),(2047,679),(2048,679),(2049,680),(2050,681),(2051,681),(2052,681),(2053,682),(2054,683),(2055,683),(2056,683),(2057,683),(2058,684),(2059,684),(2060,684),(2061,684),(2062,684),(2063,685),(2064,685),(2065,686),(2066,686),(327,687),(2067,688),(2068,688),(2069,688),(2070,688),(2071,689),(2072,689),(2073,689),(2074,689),(2075,689),(2076,690),(2077,690),(2078,690),(2079,690),(2080,690),(2081,691),(2082,691),(2083,692),(2084,693),(2085,694),(2086,694),(2087,694),(2088,695),(2089,696),(2090,696),(2091,697),(2092,697),(2093,697),(2094,698),(2095,698),(2096,698),(2097,699),(2098,699),(2099,699),(2100,699),(2101,700),(2102,700),(2103,701),(2104,701),(2105,701),(2106,701),(2107,701),(2108,702),(2109,702),(2110,702),(2111,702),(2112,702),(2113,703),(2114,703),(2115,704),(2116,704),(2117,704),(2118,704),(2119,705),(2120,705),(2121,705),(2122,705),(2123,705),(2124,706),(2125,706),(2126,707),(2127,707),(2128,707),(2129,707),(2130,708),(2131,708),(2132,709),(2133,709),(2134,709),(2135,709),(2136,709),(2137,710),(2138,710),(2139,710),(2140,710),(2141,711),(2142,711),(2143,712),(2144,712),(2145,713),(2146,713),(2147,713),(2148,713),(2149,713),(2150,714),(2151,714),(2152,714),(2153,714),(2154,714),(2155,715),(2156,715),(2157,715),(2158,716),(2159,716),(2160,717),(2161,717),(2162,717),(2163,717),(2164,717),(2165,718),(2166,718),(2167,718),(2168,719),(2169,719),(2170,719),(2171,720),(2172,721),(2173,721),(2174,721),(2175,721),(2176,722),(2177,723),(2178,723),(2179,723),(2180,723),(2181,724),(2182,725),(2183,725),(2184,726),(2185,726),(2186,726),(2187,726),(2188,726),(2189,727),(2190,728),(2191,728),(2192,728),(2193,728),(2194,728),(2195,729),(2196,730),(2197,730),(2198,730),(2199,731),(2200,731),(2201,731),(2202,731),(2203,731),(2204,732),(2205,732),(2206,733),(2207,733),(2208,733),(2209,734),(2210,734),(2211,734),(2212,734),(2213,735),(2214,735),(2215,736),(2216,736),(2217,736),(2218,736),(2219,736),(2220,737),(2221,737),(2222,737),(2223,738),(2224,738),(2225,738),(2226,739),(2227,739),(2228,739),(2229,740),(2230,740),(2231,740),(2232,740),(2233,740),(2234,741),(2235,742),(2236,742),(2237,742),(2238,742),(2239,743),(2240,743),(2241,743),(2242,743),(2243,744),(2244,744),(2245,745),(2246,745),(2247,745),(2248,745),(2249,746),(2250,746),(2251,746),(2252,746),(2253,746),(2254,747),(2255,747),(2256,747),(970,748),(1229,749),(2257,749),(2258,749),(2259,749),(2260,750),(2261,750),(2262,751),(2263,751),(2264,751),(2265,751),(2266,751),(2267,752),(2268,752),(2269,752),(2270,753),(2271,753),(2272,754),(2273,754),(2274,754),(2275,754),(2276,754),(2277,755),(2278,755),(2279,755),(2280,756),(2281,756),(2282,756),(2283,756),(2284,756),(2285,757),(2286,757),(2287,758),(2288,758),(2289,758),(2290,758),(2291,758),(2292,759),(2293,759),(2294,759),(2295,760),(2296,760),(2297,760),(2298,760),(2299,761),(2300,761),(2301,761),(2302,761),(2303,762),(2304,762),(2305,762),(2306,763),(2307,763),(2308,763),(2309,764),(2310,764),(2311,764),(2312,764),(2313,765),(2314,765),(2315,765),(2316,766),(2317,766),(1445,767),(2318,767),(2319,768),(2320,768),(2321,769),(2322,769),(2323,769),(2324,769),(2325,769),(2326,770),(2327,771),(2328,771),(2329,771),(2330,771),(2331,771),(2332,772),(1269,773),(2333,773),(2334,773),(2335,773),(2336,773),(2337,774),(2338,774),(2339,775),(2340,775),(2341,776),(2342,776),(1099,777),(2343,777),(2344,777),(2345,777),(2346,777),(2347,778),(2348,778),(2349,779),(2350,779),(2351,780),(2352,780),(1856,781),(2353,782),(797,783),(2354,783),(177,784),(717,784),(2355,784),(2356,784),(2357,785),(2358,786),(2359,787),(2360,787),(2361,787),(2362,788),(2363,788),(2364,788),(2365,788),(2366,788),(2367,789),(2368,789),(2369,789),(2370,789),(2371,789),(2372,790),(2373,791),(2374,791),(2375,792),(2376,792),(2377,792),(2378,792),(2379,793),(2380,793),(2381,794),(2382,794),(2383,795),(2384,795),(2385,795),(2386,795),(2387,796),(2388,796),(2389,796),(2390,797),(2391,797),(2392,797),(2393,797),(2394,797),(2395,798),(2396,799),(2397,799),(2398,799),(2399,799),(2400,799),(500,800),(2401,800),(2402,800),(2403,800),(2404,801),(2405,801),(2406,801),(2407,801),(2408,802),(2409,803),(2410,803),(2411,803),(2412,803),(2413,804),(2414,804),(2415,804),(2416,804),(2417,805),(2418,805),(2419,805),(2420,805),(2421,805),(369,806),(2422,806),(2423,806),(2424,807),(2425,807),(2426,807),(2427,807),(2428,808),(2429,808),(2430,808),(2431,809),(2432,809),(2433,809),(320,810),(2434,811),(2435,812),(2436,812),(2437,812),(2438,812),(2439,813),(2440,813),(2441,813),(2442,813),(2443,813),(855,814),(2444,814),(2445,814),(2446,814),(2130,815),(2447,815),(2448,815),(2449,815),(2450,816),(2451,816),(2452,816),(2453,816),(2454,817),(2455,818),(2456,818),(2457,818),(1174,819),(2458,819),(2459,819),(2460,820),(2461,820),(2462,820),(2463,820),(2464,821),(2465,821),(2466,821),(2467,821),(2468,822),(2469,822),(2470,822),(2471,822),(2472,822),(2473,823),(2474,823),(2475,823),(2476,823),(2477,823),(2478,824),(2479,824),(2480,824),(2481,825),(2482,825),(2483,825),(2484,825),(2485,825),(2486,826),(2487,826),(2488,826),(2489,826),(2490,826),(2491,827),(2492,827),(2493,827),(2494,828),(2495,828),(2496,828),(2497,829),(2498,829),(2499,830),(2500,830),(2501,830),(2502,830),(2503,831),(2504,831),(2505,832),(2506,833),(2507,833),(2508,833),(2509,833),(2510,833),(1361,834),(2511,835),(2512,835),(2513,835),(2514,835),(2515,835),(2516,836),(2517,836),(2518,837),(2519,837),(2520,838),(2521,838),(2522,838),(2523,838),(2524,838),(2525,839),(2526,839),(2527,840),(2528,840),(2529,841),(2530,842),(2531,842),(2532,842),(2533,843),(2534,843),(2535,843),(2536,844),(2537,845),(2538,846),(2539,847),(2540,847),(2541,847),(2542,847),(2543,848),(2544,848),(2545,848),(2546,848),(964,849),(2547,849),(2548,849),(2549,849),(2550,849),(2551,850),(2552,850),(2553,850),(2554,850),(2555,850),(2556,851),(2557,851),(2558,851),(2559,852),(1219,853),(2560,854),(2561,854),(2562,854),(2563,855),(2564,855),(2565,855),(2566,855),(2567,855),(1137,856),(2568,857),(2569,857),(2570,857),(2571,857),(2572,857),(2573,858),(2574,858),(2575,858),(2576,858),(2577,858),(2578,859),(2579,859),(2580,859),(2581,859),(2582,859),(2583,860),(2584,861),(2585,861),(2586,861),(977,862),(2587,863),(2588,863),(2589,863),(2590,863),(1796,864),(2591,864),(2592,865),(2593,865),(2594,865),(279,866),(2595,866),(2596,866),(2597,867),(2598,867),(2599,867),(2600,867),(2601,867),(2602,868),(2603,869),(2604,869),(2605,869),(2606,869),(2607,869),(1548,870),(2608,870),(2609,870),(2610,870),(2611,870),(2612,871),(2613,871),(2614,871),(2615,871),(2616,871),(2617,872),(2618,872),(1114,873),(2619,873),(2620,873),(2621,873),(2622,873),(2623,874),(2624,874),(2625,874),(2626,874),(2627,875),(2628,875),(2629,875),(2630,876),(2631,877),(2632,877),(2633,877),(2634,877),(2635,878),(2636,878),(2637,878),(2638,878),(2639,878),(2640,879),(2641,879),(2642,879),(2643,879),(2644,879),(2645,880),(2646,880),(2647,880),(2648,880),(2649,880),(2650,881),(2651,881),(2652,881),(2653,881),(2654,882),(2655,883),(2656,883),(2657,884),(2658,884),(2473,885),(2659,885),(2660,885),(2661,885),(2662,886),(2663,886),(2664,886),(2665,886),(2666,886),(2667,887),(2668,887),(2669,887),(2670,887),(2671,888),(2672,888),(2673,888),(2674,888),(2675,888),(2676,889),(2677,890),(414,891),(2678,892),(2679,892),(2680,893),(2681,893),(2682,893),(2683,894),(2684,895),(2685,895),(2686,895),(2687,896),(2688,896),(2689,896),(945,897),(2690,897),(2691,898),(2692,898),(2693,898),(2694,898),(2695,898),(2696,899),(2697,899),(2698,899),(2699,900),(2700,901),(2701,901),(2702,901),(2703,902),(2704,902),(2705,903),(2706,903),(2707,903),(2708,903),(2709,903),(2710,904),(2711,904),(2712,905),(2713,905),(2714,905),(2715,905),(2716,906),(2717,906),(2718,906),(2719,907),(2720,907),(2721,908),(2722,908),(2723,908),(2724,908),(2725,909),(2726,909),(2727,909),(2728,910),(2729,910);
/*!40000 ALTER TABLE `conjunct_predicate` ENABLE KEYS */;
UNLOCK TABLES;

--
-- Table structure for table `constant`
--

DROP TABLE IF EXISTS `constant`;
/*!40101 SET @saved_cs_client     = @@character_set_client */;
/*!40101 SET character_set_client = utf8 */;
CREATE TABLE `constant` (
  `id` int(11) NOT NULL,
  `value` varchar(50) NOT NULL,
  `data_type` varchar(6) NOT NULL,
  PRIMARY KEY (`id`)
) ENGINE=InnoDB DEFAULT CHARSET=latin1;
/*!40101 SET character_set_client = @saved_cs_client */;

--
-- Dumping data for table `constant`
--

LOCK TABLES `constant` WRITE;
/*!40000 ALTER TABLE `constant` DISABLE KEYS */;
INSERT INTO `constant` VALUES (1,'93','uint'),(2,'26.0','double'),(3,'73.0','double'),(4,'83.0','double'),(5,'46.0','double'),(6,'53.0','double'),(7,'99','uint'),(8,'28.0','double'),(9,'59','uint'),(10,'99.0','double'),(11,'90.0','double'),(12,'14.0','double'),(13,'67','uint'),(14,'29.0','double'),(15,'39.0','double'),(16,'17','uint'),(17,'62','uint'),(18,'87.0','double'),(19,'15','uint'),(20,'52.0','double'),(21,'47','uint'),(22,'27.0','double'),(23,'79.0','double'),(24,'56.0','double'),(25,'46','uint'),(26,'92','uint'),(27,'88','uint'),(28,'75','uint'),(29,'31.0','double'),(30,'73','uint'),(31,'69','uint'),(32,'57.0','double'),(33,'61.0','double'),(34,'43.0','double'),(35,'44','uint'),(36,'97','uint'),(37,'58','uint'),(38,'77','uint'),(39,'49','uint'),(40,'54.0','double'),(41,'96.0','double'),(42,'72','uint'),(43,'83','uint'),(44,'33','uint'),(45,'89','uint'),(46,'84','uint'),(47,'66','uint'),(48,'32','uint'),(49,'17.0','double'),(50,'57','uint'),(51,'65','uint'),(52,'18.0','double'),(53,'50','uint'),(54,'89.0','double'),(55,'76','uint'),(56,'29','uint'),(57,'82.0','double'),(58,'22.0','double'),(59,'60','uint'),(60,'70','uint'),(61,'33.0','double'),(62,'27','uint'),(63,'75.0','double'),(64,'98','uint'),(65,'24','uint'),(66,'37','uint'),(67,'30','uint'),(68,'35.0','double'),(69,'94','uint'),(70,'74.0','double'),(71,'52','uint'),(72,'45.0','double'),(73,'81.0','double'),(74,'55.0','double'),(75,'25.0','double'),(76,'61','uint'),(77,'100','uint'),(78,'95','uint'),(79,'21','uint'),(80,'41','uint'),(81,'63.0','double'),(82,'63','uint'),(83,'44.0','double'),(84,'31','uint'),(85,'65.0','double'),(86,'71.0','double'),(87,'76.0','double'),(88,'82','uint'),(89,'45','uint'),(90,'91.0','double'),(91,'28','uint'),(92,'48','uint'),(93,'77.0','double'),(94,'14','uint'),(95,'37.0','double'),(96,'20','uint'),(97,'12','uint'),(98,'56','uint'),(99,'24.0','double'),(100,'42','uint'),(101,'97.0','double'),(102,'78.0','double'),(103,'78','uint'),(104,'23.0','double'),(105,'62.0','double'),(106,'90','uint'),(107,'40.0','double'),(108,'64.0','double'),(109,'11','uint'),(110,'68','uint'),(111,'66.0','double'),(112,'54','uint'),(113,'38.0','double'),(114,'11.0','double'),(115,'59.0','double'),(116,'98.0','double'),(117,'68.0','double'),(118,'34','uint'),(119,'88.0','double'),(120,'34.0','double'),(121,'55','uint'),(122,'64','uint'),(123,'13.0','double'),(124,'69.0','double'),(125,'93.0','double'),(126,'49.0','double'),(127,'19','uint'),(128,'26','uint'),(129,'13','uint'),(130,'85','uint'),(131,'86','uint'),(132,'20.0','double'),(133,'91','uint'),(134,'35','uint'),(135,'36.0','double'),(136,'19.0','double'),(137,'87','uint'),(138,'23','uint'),(139,'47.0','double'),(140,'40','uint'),(141,'80','uint'),(142,'16.0','double'),(143,'96','uint'),(144,'94.0','double'),(145,'48.0','double'),(146,'100.0','double'),(147,'71','uint'),(148,'81','uint'),(149,'15.0','double'),(150,'70.0','double'),(151,'22','uint'),(152,'30.0','double'),(153,'60.0','double'),(154,'16','uint'),(155,'72.0','double'),(156,'39','uint'),(157,'41.0','double'),(158,'43','uint'),(159,'53','uint'),(160,'86.0','double'),(161,'92.0','double'),(162,'50.0','double'),(163,'95.0','double'),(164,'58.0','double'),(165,'36','uint'),(166,'18','uint'),(167,'38','uint'),(168,'80.0','double'),(169,'79','uint'),(170,'67.0','double'),(171,'51.0','double'),(172,'32.0','double'),(173,'25','uint'),(174,'85.0','double'),(175,'74','uint'),(176,'51','uint'),(177,'12.0','double'),(178,'21.0','double'),(179,'84.0','double'),(180,'42.0','double');
/*!40000 ALTER TABLE `constant` ENABLE KEYS */;
UNLOCK TABLES;

--
-- Table structure for table `metric`
--

DROP TABLE IF EXISTS `metric`;
/*!40101 SET @saved_cs_client     = @@character_set_client */;
/*!40101 SET character_set_client = utf8 */;
CREATE TABLE `metric` (
  `id` int(11) NOT NULL,
  `name` varchar(25) NOT NULL,
  `data_type` varchar(6) NOT NULL,
  PRIMARY KEY (`id`)
) ENGINE=InnoDB DEFAULT CHARSET=latin1;
/*!40101 SET character_set_client = @saved_cs_client */;

--
-- Dumping data for table `metric`
--

LOCK TABLES `metric` WRITE;
/*!40000 ALTER TABLE `metric` DISABLE KEYS */;
INSERT INTO `metric` VALUES (1,'cost','double'),(2,'call','uint'),(3,'duration','uint'),(4,'local cost','double'),(5,'local call','uint'),(6,'local duration','uint'),(7,'non local cost','double'),(8,'non local call','uint'),(9,'non local duration','uint');
/*!40000 ALTER TABLE `metric` ENABLE KEYS */;
UNLOCK TABLES;

--
-- Table structure for table `predicate`
--

DROP TABLE IF EXISTS `predicate`;
/*!40101 SET @saved_cs_client     = @@character_set_client */;
/*!40101 SET character_set_client = utf8 */;
CREATE TABLE `predicate` (
  `id` int(11) NOT NULL,
  `wt_attribute` int(11) NOT NULL,
  `operator` varchar(4) NOT NULL,
  `constant` int(11) NOT NULL,
  PRIMARY KEY (`id`),
  KEY `wt_attribute` (`wt_attribute`),
  KEY `constant` (`constant`),
  CONSTRAINT `predicate_ibfk_1` FOREIGN KEY (`wt_attribute`) REFERENCES `wt_attribute` (`id`),
  CONSTRAINT `predicate_ibfk_2` FOREIGN KEY (`constant`) REFERENCES `constant` (`id`)
) ENGINE=InnoDB DEFAULT CHARSET=latin1;
/*!40101 SET character_set_client = @saved_cs_client */;

--
-- Dumping data for table `predicate`
--

LOCK TABLES `predicate` WRITE;
/*!40000 ALTER TABLE `predicate` DISABLE KEYS */;
INSERT INTO `predicate` VALUES (1,18,'gr',1),(2,310,'lte',2),(3,9,'gr',3),(4,437,'gr',4),(5,16,'lte',5),(6,15,'gre',6),(7,7,'gre',7),(8,176,'gr',8),(9,131,'gre',9),(10,456,'gr',10),(11,505,'gr',8),(12,10,'gre',11),(13,134,'gr',12),(14,187,'gr',13),(15,8,'gr',14),(16,142,'gre',15),(17,454,'lte',16),(18,82,'gr',17),(19,205,'gre',18),(20,11,'lte',19),(21,148,'gr',20),(22,250,'gr',21),(23,450,'lt',22),(24,80,'lte',23),(25,1,'gr',24),(26,81,'gre',25),(27,36,'gr',22),(28,473,'lte',26),(29,12,'gre',27),(30,284,'gr',28),(31,198,'gre',29),(32,14,'gr',30),(33,357,'lt',31),(34,282,'gr',23),(35,535,'gr',32),(36,16,'gr',33),(37,94,'gre',4),(38,485,'gr',34),(39,6,'gre',35),(40,7,'gr',36),(41,308,'gre',37),(42,201,'gr',38),(43,313,'gre',39),(44,7,'gre',19),(45,330,'gre',40),(46,457,'gre',41),(47,385,'gre',42),(48,18,'gr',43),(49,543,'gre',44),(50,350,'gre',45),(51,16,'gre',20),(52,116,'gr',46),(53,9,'gr',20),(54,209,'gre',38),(55,440,'gr',47),(56,285,'gre',48),(57,1,'gr',29),(58,2,'gr',49),(59,189,'gre',50),(60,319,'gr',51),(61,540,'gre',52),(62,284,'gre',53),(63,444,'gre',54),(64,19,'gr',50),(65,293,'gr',35),(66,165,'lte',55),(67,19,'gre',21),(68,401,'gr',54),(69,18,'lte',56),(70,492,'gr',6),(71,478,'lte',57),(72,2,'gr',58),(73,483,'gr',53),(74,16,'gre',4),(75,187,'gre',44),(76,376,'gr',59),(77,503,'gre',60),(78,3,'gre',61),(79,264,'gre',62),(80,234,'gre',63),(81,44,'gre',52),(82,145,'gr',16),(83,14,'gr',64),(84,166,'gre',65),(85,61,'gr',66),(86,13,'gr',67),(87,298,'gre',42),(88,64,'gr',68),(89,509,'gre',69),(90,496,'lte',60),(91,12,'gr',51),(92,414,'gr',70),(93,431,'lt',71),(94,162,'gr',72),(95,16,'gre',22),(96,212,'gre',73),(97,15,'lt',74),(98,53,'gre',9),(99,310,'gr',6),(100,1,'gre',75),(101,10,'gr',49),(102,410,'gre',76),(103,140,'gre',77),(104,166,'gre',78),(105,12,'lte',79),(106,56,'lte',80),(107,499,'gre',81),(108,23,'gr',18),(109,7,'gre',62),(110,537,'gre',37),(111,20,'gr',82),(112,73,'gr',83),(113,81,'gr',84),(114,268,'gr',85),(115,492,'gre',86),(116,2,'lte',87),(117,371,'gr',88),(118,378,'gr',89),(119,116,'lte',21),(120,10,'gr',90),(121,104,'lte',78),(122,14,'gr',91),(123,327,'gre',92),(124,16,'gre',93),(125,378,'gre',94),(126,16,'gr',86),(127,464,'gr',95),(128,454,'gr',96),(129,179,'gr',97),(130,4,'gr',98),(131,290,'gre',2),(132,9,'gr',99),(133,330,'gre',24),(134,93,'gre',52),(135,19,'gre',46),(136,53,'gr',100),(137,367,'gre',101),(138,6,'gre',42),(139,176,'gr',102),(140,394,'gr',34),(141,228,'gre',103),(142,17,'gr',104),(143,322,'gre',42),(144,149,'gre',105),(145,20,'gre',100),(146,417,'gr',106),(147,465,'lt',12),(148,1,'gre',18),(149,16,'gr',70),(150,52,'gre',107),(151,20,'gr',84),(152,439,'gr',35),(153,10,'gr',108),(154,57,'gr',74),(155,536,'gre',109),(156,54,'gre',47),(157,329,'lte',76),(158,3,'gre',14),(159,293,'gr',45),(160,137,'lt',53),(161,18,'gre',51),(162,416,'gre',61),(163,11,'gre',110),(164,58,'gr',87),(165,37,'gr',111),(166,20,'gre',112),(167,476,'lt',88),(168,17,'gre',3),(169,5,'gr',50),(170,437,'gr',113),(171,87,'gr',105),(172,32,'gre',35),(173,11,'lt',65),(174,353,'lt',40),(175,20,'gr',1),(176,528,'gr',93),(177,484,'gr',114),(178,451,'gre',57),(179,299,'gr',26),(180,11,'lt',112),(181,439,'lt',38),(182,303,'gr',115),(183,68,'lt',71),(184,542,'gr',113),(185,14,'gre',78),(186,5,'lt',112),(187,192,'gre',116),(188,134,'gr',117),(189,7,'gre',64),(190,251,'gre',89),(191,273,'gr',78),(192,383,'lt',118),(193,331,'gre',119),(194,15,'gr',120),(195,89,'gre',121),(196,481,'gre',16),(197,544,'lte',122),(198,370,'gr',50),(199,17,'gr',123),(200,281,'gre',124),(201,17,'gre',93),(202,235,'gr',79),(203,65,'gre',125),(204,128,'gr',126),(205,524,'gre',71),(206,12,'lt',109),(207,236,'gr',127),(208,292,'gre',128),(209,200,'gr',80),(210,5,'lt',31),(211,240,'gre',120),(212,410,'gr',129),(213,113,'gr',113),(214,71,'lt',85),(215,10,'lt',8),(216,206,'gre',8),(217,27,'lt',91),(218,84,'lt',48),(219,531,'lt',37),(220,293,'gr',130),(221,9,'lte',117),(222,413,'lt',131),(223,437,'gre',132),(224,389,'gr',13),(225,4,'gr',16),(226,489,'gre',60),(227,3,'gr',14),(228,357,'gr',56),(229,130,'gre',31),(230,295,'gre',57),(231,532,'gr',62),(232,402,'gre',22),(233,305,'gre',27),(234,35,'gr',38),(235,4,'gr',94),(236,350,'gre',100),(237,483,'gre',133),(238,459,'gr',66),(239,308,'gr',44),(240,10,'gre',83),(241,514,'gr',104),(242,5,'lt',134),(243,434,'gre',97),(244,106,'gr',113),(245,464,'lte',5),(246,112,'lte',91),(247,15,'gr',58),(248,181,'lte',37),(249,190,'gr',72),(250,197,'gr',3),(251,366,'gr',135),(252,16,'gre',83),(253,505,'gre',120),(254,383,'gre',25),(255,11,'lte',16),(256,44,'gre',86),(257,528,'gre',136),(258,370,'gr',137),(259,497,'gre',44),(260,32,'lte',138),(261,260,'gr',126),(262,10,'gre',86),(263,45,'gre',139),(264,48,'gr',9),(265,410,'gre',110),(266,182,'gre',140),(267,20,'gre',106),(268,33,'gr',141),(269,430,'gr',142),(270,169,'gr',108),(271,13,'gre',19),(272,245,'gre',26),(273,14,'gre',76),(274,8,'gr',72),(275,440,'gr',112),(276,427,'gr',143),(277,527,'gr',144),(278,540,'gre',144),(279,14,'gre',129),(280,103,'gr',141),(281,289,'gre',22),(282,25,'gre',112),(283,12,'lte',7),(284,59,'gre',145),(285,304,'gre',136),(286,446,'gre',128),(287,115,'gr',126),(288,16,'gr',29),(289,78,'gr',113),(290,205,'gre',73),(291,285,'gre',46),(292,353,'gr',136),(293,1,'lte',125),(294,440,'gre',21),(295,200,'gre',94),(296,6,'gre',134),(297,196,'gre',71),(298,319,'gr',110),(299,512,'gr',40),(300,5,'lte',89),(301,136,'gr',114),(302,522,'lt',122),(303,235,'gre',60),(304,274,'gr',146),(305,194,'gr',147),(306,254,'gr',104),(307,410,'gre',35),(308,5,'lte',13),(309,208,'gre',27),(310,356,'gr',133),(311,88,'gr',80),(312,516,'gr',128),(313,14,'gre',148),(314,374,'gre',149),(315,526,'gre',115),(316,511,'gr',88),(317,283,'gr',99),(318,9,'lt',150),(319,436,'lte',142),(320,10,'gr',75),(321,463,'gr',24),(322,17,'gre',105),(323,9,'gr',49),(324,88,'gre',89),(325,523,'gr',138),(326,277,'lt',118),(327,20,'gre',36),(328,184,'gr',33),(329,279,'gr',151),(330,19,'lt',53),(331,13,'gr',55),(332,308,'gre',25),(333,232,'gre',116),(334,4,'gr',97),(335,52,'lt',113),(336,159,'gre',106),(337,1,'gre',4),(338,120,'lt',146),(339,15,'gr',152),(340,259,'gre',77),(341,172,'gre',48),(342,14,'gr',39),(343,313,'gr',112),(344,407,'gre',153),(345,310,'gr',85),(346,248,'gre',5),(347,13,'gr',82),(348,56,'gre',106),(349,8,'gr',132),(350,211,'gre',58),(351,130,'gre',154),(352,117,'lt',27),(353,7,'gre',122),(354,12,'gr',84),(355,11,'gre',66),(356,19,'gr',88),(357,212,'gre',3),(358,6,'gr',56),(359,114,'lte',145),(360,169,'lt',155),(361,150,'gr',113),(362,20,'gr',30),(363,96,'gr',156),(364,165,'gre',67),(365,172,'gr',21),(366,505,'gre',153),(367,19,'gr',89),(368,40,'gr',89),(369,13,'gr',156),(370,11,'gr',156),(371,536,'lte',64),(372,176,'gre',58),(373,317,'gre',153),(374,165,'gre',39),(375,18,'gre',66),(376,101,'gre',157),(377,243,'gr',140),(378,17,'gr',99),(379,488,'gre',53),(380,244,'gr',19),(381,30,'gr',24),(382,132,'lte',137),(383,18,'gre',36),(384,16,'lt',144),(385,6,'gr',79),(386,323,'lt',12),(387,13,'gre',128),(388,181,'gr',129),(389,219,'lte',72),(390,121,'lte',123),(391,288,'gre',126),(392,17,'gre',132),(393,210,'gr',37),(394,378,'gre',91),(395,378,'gre',158),(396,331,'gr',73),(397,307,'gre',156),(398,138,'lte',78),(399,8,'gre',114),(400,260,'gre',22),(401,222,'gr',134),(402,23,'gre',33),(403,11,'gr',27),(404,445,'lte',35),(405,504,'gr',62),(406,142,'gre',101),(407,18,'gre',28),(408,16,'gre',146),(409,496,'gr',159),(410,506,'lt',135),(411,7,'lte',66),(412,19,'gre',60),(413,20,'gre',151),(414,1,'gre',86),(415,425,'gr',44),(416,2,'gre',152),(417,375,'gr',134),(418,18,'lt',122),(419,296,'gre',116),(420,342,'gre',82),(421,187,'gre',94),(422,18,'gr',55),(423,508,'gre',110),(424,273,'gr',25),(425,456,'gr',32),(426,18,'gre',25),(427,536,'gre',154),(428,294,'gre',21),(429,234,'gr',160),(430,115,'gr',85),(431,8,'gre',20),(432,33,'gre',9),(433,2,'gr',150),(434,11,'gr',28),(435,515,'gre',158),(436,503,'gr',103),(437,179,'gr',131),(438,510,'gre',42),(439,15,'gr',93),(440,161,'gre',96),(441,15,'gre',3),(442,99,'gr',161),(443,319,'gre',121),(444,406,'gre',91),(445,174,'lte',148),(446,4,'gre',131),(447,381,'gre',162),(448,314,'gr',37),(449,423,'gre',163),(450,400,'gr',101),(451,10,'gre',22),(452,506,'gre',86),(453,230,'lt',42),(454,487,'gre',151),(455,211,'gr',125),(456,15,'gre',164),(457,36,'gre',132),(458,430,'gre',8),(459,17,'gre',75),(460,414,'gre',86),(461,427,'gr',94),(462,319,'gre',25),(463,131,'gr',122),(464,10,'gr',116),(465,329,'gr',147),(466,107,'gre',4),(467,1,'gr',8),(468,310,'gre',150),(469,433,'gre',35),(470,350,'gre',112),(471,18,'lte',133),(472,334,'gr',1),(473,321,'gre',94),(474,17,'gr',29),(475,28,'gr',80),(476,82,'gre',19),(477,201,'lt',165),(478,353,'gre',75),(479,19,'gr',71),(480,486,'gre',34),(481,487,'gr',94),(482,7,'gr',88),(483,1,'gre',116),(484,6,'gre',88),(485,515,'gr',62),(486,3,'gr',116),(487,3,'lt',145),(488,4,'lte',166),(489,403,'gre',100),(490,341,'gr',67),(491,202,'gre',84),(492,5,'gr',25),(493,308,'gre',98),(494,467,'gr',154),(495,185,'gr',152),(496,106,'gre',8),(497,4,'lte',42),(498,67,'gre',36),(499,5,'gr',140),(500,6,'gr',39),(501,220,'gre',75),(502,396,'lte',50),(503,151,'gr',67),(504,291,'gre',94),(505,14,'gr',167),(506,209,'lte',148),(507,4,'gre',65),(508,401,'gre',157),(509,434,'gr',88),(510,423,'gr',32),(511,187,'lt',53),(512,204,'gr',5),(513,81,'gr',56),(514,8,'lte',24),(515,493,'gr',86),(516,3,'gr',87),(517,263,'gr',109),(518,27,'gr',26),(519,363,'gre',25),(520,440,'gr',79),(521,7,'gr',148),(522,444,'gre',116),(523,484,'gre',160),(524,367,'gre',90),(525,443,'gre',164),(526,16,'gre',6),(527,198,'lt',15),(528,347,'gr',27),(529,48,'lt',166),(530,13,'gr',106),(531,323,'gre',101),(532,52,'gre',33),(533,17,'gr',57),(534,515,'gr',130),(535,350,'gr',97),(536,278,'gr',50),(537,402,'lt',157),(538,14,'gr',55),(539,27,'gre',26),(540,222,'gr',25),(541,447,'gr',79),(542,13,'gre',154),(543,127,'gr',12),(544,19,'gr',28),(545,200,'lte',46),(546,416,'gre',32),(547,18,'gre',59),(548,333,'lt',7),(549,169,'gre',10),(550,166,'gr',91),(551,80,'gr',150),(552,7,'lt',133),(553,210,'gre',130),(554,324,'gr',75),(555,8,'gr',41),(556,119,'gr',35),(557,430,'gr',126),(558,70,'gre',78),(559,7,'gr',89),(560,240,'gre',157),(561,115,'gr',10),(562,173,'gre',82),(563,498,'gr',136),(564,11,'gr',67),(565,12,'gre',130),(566,358,'lte',113),(567,407,'gr',49),(568,170,'lt',160),(569,12,'gre',35),(570,116,'lte',156),(571,66,'gr',75),(572,7,'gre',53),(573,175,'gre',50),(574,265,'gre',31),(575,49,'gre',82),(576,410,'gre',65),(577,11,'lt',35),(578,171,'gr',83),(579,332,'gre',54),(580,1,'gr',32),(581,16,'gre',68),(582,545,'gre',141),(583,185,'gr',99),(584,108,'gre',74),(585,170,'lt',75),(586,9,'gr',73),(587,250,'gre',64),(588,98,'lte',167),(589,12,'lt',140),(590,359,'gr',10),(591,9,'gre',168),(592,161,'lt',84),(593,15,'gre',81),(594,114,'gr',74),(595,5,'gre',59),(596,497,'gre',79),(597,357,'gre',82),(598,110,'gre',64),(599,16,'lt',108),(600,106,'lt',104),(601,7,'gr',56),(602,32,'lt',109),(603,14,'gr',48),(604,463,'gre',14),(605,288,'gre',104),(606,242,'gr',167),(607,513,'gr',119),(608,18,'gr',112),(609,151,'gr',47),(610,318,'lt',144),(611,146,'lte',122),(612,3,'gr',149),(613,190,'gre',11),(614,272,'gre',38),(615,67,'gre',1),(616,53,'lt',19),(617,20,'gre',138),(618,343,'gr',143),(619,20,'gre',21),(620,407,'gr',99),(621,346,'gre',135),(622,7,'gr',27),(623,415,'gr',160),(624,214,'gre',48),(625,312,'gre',44),(626,2,'gr',4),(627,375,'gre',55),(628,14,'gr',79),(629,256,'gr',82),(630,5,'gre',137),(631,489,'gr',50),(632,533,'lte',15),(633,38,'gre',113),(634,239,'gr',93),(635,125,'gre',167),(636,259,'gre',169),(637,36,'gre',108),(638,367,'gre',95),(639,17,'gre',32),(640,432,'gre',53),(641,3,'gr',73),(642,86,'gre',170),(643,464,'gre',61),(644,199,'gre',115),(645,258,'gre',78),(646,233,'gre',8),(647,6,'gre',7),(648,449,'gr',5),(649,285,'gr',13),(650,316,'gre',125),(651,338,'gr',11),(652,6,'gr',62),(653,19,'gre',110),(654,512,'gre',86),(655,200,'gre',121),(656,69,'gr',118),(657,523,'gre',130),(658,14,'gre',143),(659,528,'gr',107),(660,227,'gr',171),(661,14,'lt',21),(662,447,'gre',51),(663,125,'gr',44),(664,448,'gre',94),(665,314,'gre',76),(666,17,'gr',102),(667,457,'gre',172),(668,427,'gr',129),(669,15,'gre',101),(670,9,'gre',116),(671,394,'gr',70),(672,307,'gre',82),(673,142,'gre',20),(674,12,'gre',169),(675,469,'gre',134),(676,416,'gre',135),(677,110,'lt',45),(678,4,'gr',59),(679,330,'gre',95),(680,28,'gr',173),(681,15,'gre',132),(682,261,'gr',172),(683,516,'gr',25),(684,46,'gr',19),(685,258,'gr',169),(686,18,'gr',106),(687,283,'lte',139),(688,538,'gre',51),(689,348,'gr',112),(690,405,'gr',47),(691,525,'lte',31),(692,235,'gre',121),(693,1,'lt',32),(694,247,'gr',40),(695,9,'gre',152),(696,51,'gre',164),(697,17,'gr',3),(698,319,'gr',131),(699,10,'lte',14),(700,111,'gr',121),(701,104,'gre',31),(702,421,'gre',75),(703,19,'lt',56),(704,76,'gr',30),(705,7,'lt',46),(706,350,'gr',13),(707,456,'gr',123),(708,288,'gr',87),(709,464,'gr',90),(710,17,'gre',14),(711,159,'gre',97),(712,145,'gr',26),(713,174,'gr',38),(714,3,'lte',68),(715,18,'gr',100),(716,540,'gr',33),(717,11,'gr',148),(718,48,'gr',134),(719,238,'gre',47),(720,39,'gre',9),(721,434,'gr',156),(722,14,'gr',106),(723,325,'gre',68),(724,277,'gr',56),(725,300,'gre',158),(726,304,'gre',104),(727,1,'gre',174),(728,411,'gre',37),(729,191,'gr',29),(730,363,'gr',55),(731,107,'gr',87),(732,19,'lt',27),(733,531,'gre',175),(734,170,'gr',23),(735,145,'gre',48),(736,271,'lt',151),(737,16,'gr',18),(738,366,'lte',32),(739,531,'lte',140),(740,6,'gre',64),(741,17,'gr',34),(742,40,'gre',39),(743,173,'gre',134),(744,443,'gre',75),(745,18,'gr',128),(746,120,'gre',136),(747,115,'lt',132),(748,313,'gre',77),(749,2,'gre',86),(750,147,'gre',17),(751,18,'gre',140),(752,381,'gre',70),(753,312,'gre',109),(754,492,'gre',160),(755,276,'gre',155),(756,7,'gr',45),(757,9,'gre',171),(758,447,'gre',176),(759,12,'gre',96),(760,176,'lte',2),(761,495,'gre',94),(762,20,'lte',131),(763,31,'gr',124),(764,31,'gre',87),(765,329,'gre',19),(766,15,'gre',142),(767,213,'gre',95),(768,2,'gr',12),(769,256,'lte',28),(770,390,'lt',78),(771,4,'lt',65),(772,154,'gr',130),(773,333,'gr',130),(774,502,'gr',94),(775,516,'lte',131),(776,4,'gr',66),(777,12,'gr',134),(778,537,'gre',62),(779,10,'gre',135),(780,1,'lte',95),(781,87,'gre',174),(782,216,'gre',138),(783,52,'gre',58),(784,154,'gre',47),(785,116,'gre',66),(786,404,'gre',91),(787,289,'gr',5),(788,310,'gre',161),(789,4,'gre',36),(790,96,'gre',16),(791,9,'gre',161),(792,11,'gr',50),(793,60,'gre',138),(794,147,'gre',59),(795,331,'lt',126),(796,355,'gre',159),(797,10,'gre',4),(798,5,'gre',128),(799,88,'gr',65),(800,473,'lte',112),(801,255,'gre',6),(802,2,'gr',174),(803,133,'lte',128),(804,31,'lt',136),(805,74,'gre',175),(806,277,'gre',7),(807,390,'gre',141),(808,498,'gr',139),(809,473,'gr',78),(810,19,'gre',92),(811,289,'gr',163),(812,117,'gre',98),(813,386,'gre',124),(814,8,'gre',177),(815,49,'gre',175),(816,255,'gr',23),(817,361,'gre',91),(818,167,'gr',60),(819,18,'gr',16),(820,449,'gre',178),(821,43,'gr',90),(822,59,'gr',73),(823,10,'gre',155),(824,148,'gre',117),(825,14,'lte',13),(826,30,'gre',10),(827,419,'gr',39),(828,3,'gr',20),(829,1,'gre',126),(830,178,'lt',33),(831,7,'gr',96),(832,48,'gr',45),(833,13,'gr',84),(834,397,'gre',156),(835,50,'gre',49),(836,356,'gre',45),(837,260,'gre',63),(838,19,'lt',44),(839,394,'lt',32),(840,9,'gre',144),(841,477,'gr',99),(842,333,'gr',7),(843,95,'gr',80),(844,508,'gr',65),(845,12,'gr',59),(846,77,'lt',76),(847,223,'gre',128),(848,283,'lt',81),(849,176,'gre',15),(850,2,'gr',124),(851,467,'lt',66),(852,422,'gre',93),(853,472,'lt',73),(854,6,'gr',166),(855,375,'gre',154),(856,42,'lt',31),(857,18,'gre',62),(858,73,'gre',34),(859,231,'gr',64),(860,417,'gr',46),(861,305,'gre',130),(862,7,'gr',21),(863,388,'lt',14),(864,101,'gre',144),(865,9,'gr',22),(866,500,'gre',120),(867,13,'gr',27),(868,365,'gr',102),(869,31,'gr',123),(870,297,'gr',12),(871,337,'gr',153),(872,115,'gre',81),(873,89,'gre',110),(874,429,'gre',14),(875,368,'gr',84),(876,18,'gre',43),(877,87,'gr',153),(878,15,'gr',11),(879,236,'gre',167),(880,419,'gre',88),(881,533,'gr',49),(882,11,'gr',167),(883,395,'gre',152),(884,23,'gre',177),(885,218,'gr',14),(886,15,'gre',178),(887,351,'lt',32),(888,27,'lt',82),(889,471,'gr',40),(890,209,'gr',78),(891,14,'gr',166),(892,15,'gr',101),(893,233,'lte',14),(894,210,'gr',35),(895,362,'gre',51),(896,321,'gre',137),(897,44,'gre',93),(898,16,'gre',75),(899,288,'lt',146),(900,292,'gre',66),(901,374,'gr',22),(902,14,'gre',84),(903,209,'lte',27),(904,289,'gre',126),(905,281,'gr',126),(906,347,'gr',69),(907,19,'gr',167),(908,278,'lt',122),(909,18,'gr',154),(910,283,'gre',168),(911,14,'gre',27),(912,115,'lt',117),(913,35,'gre',175),(914,95,'gre',131),(915,442,'gre',52),(916,4,'lt',13),(917,105,'lte',169),(918,355,'gre',9),(919,170,'lt',162),(920,64,'gr',22),(921,18,'gre',64),(922,296,'gr',101),(923,531,'lte',30),(924,66,'gr',41),(925,25,'gr',30),(926,7,'gr',39),(927,511,'gr',103),(928,196,'gre',46),(929,338,'gre',139),(930,379,'lt',157),(931,438,'gre',96),(932,492,'gre',83),(933,515,'gr',134),(934,175,'gr',55),(935,17,'gr',152),(936,134,'gr',72),(937,198,'gr',14),(938,474,'gr',76),(939,141,'gre',2),(940,20,'gre',166),(941,431,'gr',106),(942,381,'gr',14),(943,417,'gr',26),(944,163,'gre',57),(945,16,'gre',85),(946,384,'gr',133),(947,4,'gre',156),(948,12,'lte',143),(949,346,'gre',157),(950,448,'lt',88),(951,423,'gr',116),(952,532,'lte',140),(953,2,'lte',10),(954,138,'lte',97),(955,254,'gr',108),(956,281,'gr',179),(957,191,'gre',15),(958,526,'gr',29),(959,19,'gre',131),(960,95,'gre',156),(961,441,'gre',100),(962,358,'gre',61),(963,458,'gr',20),(964,12,'gre',79),(965,339,'lt',40),(966,77,'gr',88),(967,7,'lt',175),(968,288,'gre',34),(969,114,'gre',24),(970,1,'gre',29),(971,112,'gr',138),(972,394,'gre',155),(973,12,'gre',56),(974,4,'gr',176),(975,6,'gre',13),(976,124,'lte',76),(977,9,'gre',2),(978,86,'lt',172),(979,435,'gre',61),(980,426,'gr',173),(981,220,'gr',20),(982,429,'lte',11),(983,137,'gre',62),(984,81,'gre',21),(985,17,'lte',86),(986,507,'lt',2),(987,218,'gr',111),(988,4,'gre',141),(989,92,'gre',11),(990,266,'gr',55),(991,217,'gre',60),(992,168,'gre',53),(993,8,'gr',114),(994,372,'gr',132),(995,84,'gr',51),(996,488,'gre',36),(997,10,'gre',102),(998,241,'gr',49),(999,325,'lte',111),(1000,404,'gr',151),(1001,2,'gre',168),(1002,84,'gr',98),(1003,528,'gr',161),(1004,402,'gre',15),(1005,7,'gr',154),(1006,6,'gr',77),(1007,521,'lte',135),(1008,93,'gre',33),(1009,144,'gr',53),(1010,443,'lt',119),(1011,57,'gre',6),(1012,150,'gr',104),(1013,414,'lt',180),(1014,360,'gre',126),(1015,14,'gr',38),(1016,373,'gr',32),(1017,351,'lte',132),(1018,180,'gr',175),(1019,530,'gre',7),(1020,10,'gre',149),(1021,151,'gre',13),(1022,160,'gre',28),(1023,529,'gr',169),(1024,12,'gr',67),(1025,264,'lte',1),(1026,16,'gre',33),(1027,219,'gr',11),(1028,538,'lte',38),(1029,13,'gr',28),(1030,50,'lt',85),(1031,415,'gr',146),(1032,2,'gre',163),(1033,507,'gr',117),(1034,88,'gre',154),(1035,168,'gre',173),(1036,8,'gr',57),(1037,140,'gre',138),(1038,371,'gr',42),(1039,405,'gre',91),(1040,408,'lte',125),(1041,20,'gre',128),(1042,545,'gre',129),(1043,373,'gr',20),(1044,15,'lt',3),(1045,246,'gre',116),(1046,441,'gr',106),(1047,52,'gre',178),(1048,101,'lt',146),(1049,387,'lt',135),(1050,157,'lte',105),(1051,160,'gr',175),(1052,154,'gre',19),(1053,359,'gre',136),(1054,17,'gre',70),(1055,112,'gr',27),(1056,416,'gr',101),(1057,83,'gre',166),(1058,320,'lte',110),(1059,330,'gre',139),(1060,407,'gre',114),(1061,2,'gre',14),(1062,113,'gr',61),(1063,435,'gre',116),(1064,327,'gr',112),(1065,512,'lt',123),(1066,1,'lt',136),(1067,474,'lt',128),(1068,82,'gre',173),(1069,345,'gre',52),(1070,192,'gr',81),(1071,18,'lt',17),(1072,439,'lt',71),(1073,402,'gre',160),(1074,10,'gre',85),(1075,520,'gre',32),(1076,15,'gr',74),(1077,380,'gre',132),(1078,135,'gre',157),(1079,146,'gr',17),(1080,139,'gre',51),(1081,371,'gre',148),(1082,345,'gr',142),(1083,181,'gre',130),(1084,456,'gre',6),(1085,11,'gr',56),(1086,307,'lt',66),(1087,154,'gre',122),(1088,4,'lte',19),(1089,393,'gre',115),(1090,533,'gr',117),(1091,484,'gr',87),(1092,10,'gre',5),(1093,11,'gr',30),(1094,541,'lt',40),(1095,206,'gre',29),(1096,181,'gr',67),(1097,378,'gre',82),(1098,428,'gre',73),(1099,146,'lte',148),(1100,541,'gre',63),(1101,3,'gre',152),(1102,2,'gr',107),(1103,394,'gre',90),(1104,537,'gr',118),(1105,500,'lte',34),(1106,434,'gre',71),(1107,5,'gr',64),(1108,6,'gr',176),(1109,127,'gre',149),(1110,134,'gre',40),(1111,297,'gr',149),(1112,6,'lt',51),(1113,540,'gr',150),(1114,3,'gre',162),(1115,380,'gre',8),(1116,231,'gr',147),(1117,159,'gre',165),(1118,10,'gre',136),(1119,504,'gre',64),(1120,519,'gre',164),(1121,91,'gre',100),(1122,231,'gr',143),(1123,162,'gre',120),(1124,14,'lt',35),(1125,244,'gre',141),(1126,13,'gr',53),(1127,245,'gre',156),(1128,48,'lte',17),(1129,459,'gr',7),(1130,308,'gr',76),(1131,83,'gr',118),(1132,405,'gr',80),(1133,374,'gr',57),(1134,1,'gre',177),(1135,497,'gre',39),(1136,31,'gr',142),(1137,14,'gr',141),(1138,405,'gr',78),(1139,439,'lt',13),(1140,365,'gr',75),(1141,31,'gr',153),(1142,9,'gr',136),(1143,125,'gre',48),(1144,253,'gr',90),(1145,49,'lt',118),(1146,105,'gre',28),(1147,15,'gr',107),(1148,375,'gre',43),(1149,390,'gre',82),(1150,384,'gre',76),(1151,5,'gr',27),(1152,160,'gr',19),(1153,9,'lte',18),(1154,1,'gr',75),(1155,389,'lte',122),(1156,239,'gr',168),(1157,391,'lt',89),(1158,2,'gre',107),(1159,396,'gr',39),(1160,4,'lt',71),(1161,159,'lt',69),(1162,276,'gr',115),(1163,361,'gr',118),(1164,324,'gr',164),(1165,7,'gr',166),(1166,43,'gr',23),(1167,263,'lte',151),(1168,63,'gre',96),(1169,418,'gr',165),(1170,2,'gre',164),(1171,109,'gr',173),(1172,109,'gr',122),(1173,10,'gr',72),(1174,14,'gr',13),(1175,527,'gre',172),(1176,542,'gre',10),(1177,355,'gre',31),(1178,418,'gr',9),(1179,202,'gr',147),(1180,474,'gre',7),(1181,12,'gr',112),(1182,251,'lte',26),(1183,11,'lte',76),(1184,217,'gre',121),(1185,436,'gr',117),(1186,519,'gre',33),(1187,433,'gre',79),(1188,5,'gre',42),(1189,17,'gr',52),(1190,18,'gr',51),(1191,225,'gr',157),(1192,365,'gre',162),(1193,206,'gr',116),(1194,11,'lte',131),(1195,5,'lte',175),(1196,4,'gr',51),(1197,443,'lte',2),(1198,36,'gre',145),(1199,91,'gre',82),(1200,9,'gr',135),(1201,88,'gr',169),(1202,187,'gre',128),(1203,2,'gr',61),(1204,149,'gre',107),(1205,258,'gre',112),(1206,127,'gre',63),(1207,14,'lte',92),(1208,520,'gr',172),(1209,291,'gre',137),(1210,177,'gr',107),(1211,97,'gr',7),(1212,16,'gr',170),(1213,325,'gr',150),(1214,212,'gre',68),(1215,354,'gr',36),(1216,98,'gr',56),(1217,8,'gr',87),(1218,81,'gre',71),(1219,16,'gre',32),(1220,463,'lte',68),(1221,3,'gr',105),(1222,541,'gre',3),(1223,21,'gr',60),(1224,274,'gre',126),(1225,320,'lt',35),(1226,10,'lt',125),(1227,288,'gre',171),(1228,283,'gr',102),(1229,41,'gr',25),(1230,343,'gr',173),(1231,320,'gre',62),(1232,328,'lt',128),(1233,521,'gre',126),(1234,18,'gre',98),(1235,252,'lte',128),(1236,463,'gr',99),(1237,18,'gre',79),(1238,461,'gre',55),(1239,19,'gre',133),(1240,433,'lte',133),(1241,495,'gr',64),(1242,8,'gre',6),(1243,139,'gr',77),(1244,1,'lte',14),(1245,185,'lt',41),(1246,17,'gre',120),(1247,86,'gr',139),(1248,318,'lte',168),(1249,3,'lt',93),(1250,369,'gre',42),(1251,297,'gr',115),(1252,152,'gr',133),(1253,130,'gr',167),(1254,8,'lte',179),(1255,262,'gre',174),(1256,530,'gre',31),(1257,408,'lte',139),(1258,207,'gr',92),(1259,2,'lt',164),(1260,427,'gre',148),(1261,108,'lt',123),(1262,290,'gr',105),(1263,524,'gre',66),(1264,9,'gr',70),(1265,324,'gre',20),(1266,481,'gr',64),(1267,370,'gre',78),(1268,7,'lt',127),(1269,505,'gre',142),(1270,11,'gre',143),(1271,6,'gre',53),(1272,458,'gre',58),(1273,31,'gr',105),(1274,407,'gr',139),(1275,186,'lt',133),(1276,6,'gr',173),(1277,501,'gr',69),(1278,417,'gr',28),(1279,32,'lte',175),(1280,283,'gre',102),(1281,17,'lt',75),(1282,373,'lte',172),(1283,502,'gre',122),(1284,190,'gr',155),(1285,374,'gre',63),(1286,17,'gr',11),(1287,87,'gr',49),(1288,4,'lt',51),(1289,247,'lte',99),(1290,195,'gre',103),(1291,9,'gre',132),(1292,510,'gre',76),(1293,20,'gre',130),(1294,144,'gre',30),(1295,434,'lt',127),(1296,205,'gr',33),(1297,388,'gre',86),(1298,13,'lte',156),(1299,507,'gre',4),(1300,421,'gr',108),(1301,529,'gre',80),(1302,121,'gr',135),(1303,10,'gr',160),(1304,515,'gr',158),(1305,165,'lte',27),(1306,28,'gre',39),(1307,45,'gre',4),(1308,16,'gre',149),(1309,41,'gre',55),(1310,421,'gr',40),(1311,545,'gre',28),(1312,126,'gr',91),(1313,13,'gr',31),(1314,2,'lt',108),(1315,282,'lte',4),(1316,69,'gr',31),(1317,275,'gre',63),(1318,11,'lte',35),(1319,443,'lt',22),(1320,350,'gre',31),(1321,225,'lte',101),(1322,14,'gre',53),(1323,193,'gre',44),(1324,197,'gr',172),(1325,379,'gr',33),(1326,1,'gre',111),(1327,280,'gr',60),(1328,4,'gre',94),(1329,468,'gr',109),(1330,201,'gr',175),(1331,259,'lte',64),(1332,508,'gr',27),(1333,18,'gr',131),(1334,396,'gr',154),(1335,13,'gr',148),(1336,524,'gre',79),(1337,142,'gr',68),(1338,41,'gr',165),(1339,4,'gr',78),(1340,218,'gre',144),(1341,10,'gre',74),(1342,141,'gre',18),(1343,5,'gr',17),(1344,266,'lte',127),(1345,252,'gr',94),(1346,350,'gre',121),(1347,268,'gre',12),(1348,18,'gre',44),(1349,160,'gre',166),(1350,180,'gre',39),(1351,74,'gre',66),(1352,465,'gr',172),(1353,189,'gre',138),(1354,12,'gre',100),(1355,273,'gr',167),(1356,1,'gr',163),(1357,485,'lt',178),(1358,188,'gr',121),(1359,177,'gr',68),(1360,362,'gr',92),(1361,19,'gr',129),(1362,213,'gre',132),(1363,127,'gr',2),(1364,4,'gr',166),(1365,332,'gr',120),(1366,171,'gre',6),(1367,138,'gre',175),(1368,92,'gre',174),(1369,10,'gre',23),(1370,523,'gr',60),(1371,542,'gr',85),(1372,64,'gr',124),(1373,87,'gr',24),(1374,13,'lt',129),(1375,257,'gr',131),(1376,401,'gr',177),(1377,165,'gr',66),(1378,410,'gre',17),(1379,9,'gre',49),(1380,334,'gre',98),(1381,229,'gr',19),(1382,15,'lt',18),(1383,4,'gre',84),(1384,44,'gre',114),(1385,14,'gre',44),(1386,528,'gre',152),(1387,132,'lt',137),(1388,167,'gre',9),(1389,16,'gre',116),(1390,514,'gr',8),(1391,514,'gr',34),(1392,261,'gr',41),(1393,313,'gr',159),(1394,411,'gre',130),(1395,416,'gre',114),(1396,20,'gre',156),(1397,234,'lt',4),(1398,52,'gr',162),(1399,216,'gr',128),(1400,177,'gre',33),(1401,12,'gr',147),(1402,210,'gre',97),(1403,288,'lt',113),(1404,150,'lte',20),(1405,438,'gre',47),(1406,12,'gr',28),(1407,534,'lt',104),(1408,107,'gre',163),(1409,330,'gre',2),(1410,461,'gre',140),(1411,454,'gr',112),(1412,13,'gr',173),(1413,314,'gr',46),(1414,338,'gr',101),(1415,233,'gr',126),(1416,199,'gr',83),(1417,1,'gr',52),(1418,102,'gr',27),(1419,161,'gre',140),(1420,36,'gre',149),(1421,364,'gr',80),(1422,20,'lt',80),(1423,15,'gr',3),(1424,7,'gre',121),(1425,255,'gr',107),(1426,17,'gre',74),(1427,8,'gr',3),(1428,467,'gre',69),(1429,377,'gre',133),(1430,6,'gre',38),(1431,329,'gre',65),(1432,241,'gre',12),(1433,6,'gre',1),(1434,224,'lte',158),(1435,466,'gr',42),(1436,328,'gr',76),(1437,67,'gr',148),(1438,21,'gre',26),(1439,481,'gre',44),(1440,371,'gre',21),(1441,134,'gre',136),(1442,11,'gr',7),(1443,146,'gre',50),(1444,232,'gr',119),(1445,13,'gr',48),(1446,81,'gre',100),(1447,391,'lte',106),(1448,415,'lt',160),(1449,363,'gr',166),(1450,5,'gre',175),(1451,294,'gre',46),(1452,436,'gre',57),(1453,277,'lte',51),(1454,363,'gre',173),(1455,10,'gr',61),(1456,359,'gr',153),(1457,166,'lt',97),(1458,8,'gr',70),(1459,19,'gre',121),(1460,301,'lt',96),(1461,34,'gr',137),(1462,186,'gre',173),(1463,118,'gr',121),(1464,7,'gr',71),(1465,536,'lt',53),(1466,446,'gr',21),(1467,20,'gre',109),(1468,452,'gre',98),(1469,266,'gre',138),(1470,542,'gre',6),(1471,4,'gr',13),(1472,389,'gre',112),(1473,50,'lte',2),(1474,85,'lte',101),(1475,79,'gre',72),(1476,472,'gr',70),(1477,19,'lte',55),(1478,63,'gr',156),(1479,72,'gr',168),(1480,278,'lt',64),(1481,74,'gr',109),(1482,3,'gr',57),(1483,110,'lte',89),(1484,235,'gr',112),(1485,493,'gre',108),(1486,17,'lt',162),(1487,24,'gre',168),(1488,414,'gre',58),(1489,351,'gre',41),(1490,3,'gr',101),(1491,315,'gr',167),(1492,481,'gre',28),(1493,149,'gr',63),(1494,249,'gre',64),(1495,9,'gr',180),(1496,8,'gr',75),(1497,519,'gr',105),(1498,124,'gre',140),(1499,173,'lt',65),(1500,9,'gre',139),(1501,515,'gr',55),(1502,424,'gre',88),(1503,445,'lte',137),(1504,491,'gr',153),(1505,16,'gre',135),(1506,316,'lte',10),(1507,382,'gre',48),(1508,201,'gr',37),(1509,490,'lt',166),(1510,8,'gre',102),(1511,127,'gr',111),(1512,529,'gre',64),(1513,20,'gr',13),(1514,300,'lte',158),(1515,492,'gre',23),(1516,11,'gre',134),(1517,534,'gre',72),(1518,358,'gr',95),(1519,210,'gr',71),(1520,10,'lt',152),(1521,221,'gr',38),(1522,501,'lte',96),(1523,340,'gre',140),(1524,8,'gr',2),(1525,343,'gr',112),(1526,2,'gr',32),(1527,4,'gre',62),(1528,339,'gre',12),(1529,464,'lte',105),(1530,447,'lte',39),(1531,521,'gr',153),(1532,20,'gr',143),(1533,13,'gre',147),(1534,102,'gr',127),(1535,271,'gr',9),(1536,406,'gr',30),(1537,13,'gre',71),(1538,140,'gre',137),(1539,444,'gr',180),(1540,13,'gre',165),(1541,293,'gr',100),(1542,372,'gr',74),(1543,245,'gr',84),(1544,14,'gre',128),(1545,343,'gr',77),(1546,505,'gre',86),(1547,37,'gr',174),(1548,1,'lt',63),(1549,214,'gr',25),(1550,31,'gre',81),(1551,203,'gr',97),(1552,148,'gr',54),(1553,9,'gr',104),(1554,284,'gre',80),(1555,181,'gre',96),(1556,17,'gr',180),(1557,2,'gre',155),(1558,389,'lte',127),(1559,325,'gre',119),(1560,423,'gre',15),(1561,19,'gre',19),(1562,377,'gr',130),(1563,7,'gr',9),(1564,180,'gr',121),(1565,16,'gr',163),(1566,427,'lte',64),(1567,232,'gr',155),(1568,225,'gr',162),(1569,12,'lte',69),(1570,414,'gr',95),(1571,2,'gre',171),(1572,512,'gr',81),(1573,167,'gre',65),(1574,539,'gr',133),(1575,277,'gr',84),(1576,466,'lte',128),(1577,218,'gre',152),(1578,497,'gre',141),(1579,355,'gre',66),(1580,6,'gr',159),(1581,99,'gr',11),(1582,148,'gre',125),(1583,7,'gr',92),(1584,290,'gr',29),(1585,207,'lt',159),(1586,27,'gre',43),(1587,16,'lt',87),(1588,231,'gre',148),(1589,14,'gre',166),(1590,6,'gr',28),(1591,286,'gre',106),(1592,492,'lte',153),(1593,37,'gr',108),(1594,358,'gre',108),(1595,81,'gr',97),(1596,506,'gre',171),(1597,11,'gre',159),(1598,482,'gr',165),(1599,58,'gre',124),(1600,45,'gr',111),(1601,399,'gr',25),(1602,14,'gre',16),(1603,70,'gre',133),(1604,58,'gre',70),(1605,527,'lte',12),(1606,388,'gre',70),(1607,196,'gre',148),(1608,20,'gr',112),(1609,191,'gr',145),(1610,10,'gre',113),(1611,429,'gre',29),(1612,378,'gre',131),(1613,381,'gr',57),(1614,5,'gre',47),(1615,450,'gr',108),(1616,194,'gr',175),(1617,423,'lte',8),(1618,329,'gr',64),(1619,1,'gre',15),(1620,202,'gre',140),(1621,190,'lt',49),(1622,19,'gr',130),(1623,1,'lt',168),(1624,407,'lte',32),(1625,546,'gr',69),(1626,8,'gr',179),(1627,138,'gre',13),(1628,98,'gre',118),(1629,11,'gr',138),(1630,396,'gr',118),(1631,65,'gre',63),(1632,6,'gre',106),(1633,247,'gre',105),(1634,139,'gr',45),(1635,350,'gr',98),(1636,3,'gre',63),(1637,481,'lt',44),(1638,125,'lt',47),(1639,2,'gre',162),(1640,493,'lte',12),(1641,149,'gre',11),(1642,323,'gre',172),(1643,15,'gr',95),(1644,214,'lte',166),(1645,281,'gre',11),(1646,4,'gr',131),(1647,106,'gr',29),(1648,27,'gr',80),(1649,437,'gr',86),(1650,407,'gr',149),(1651,215,'gre',106),(1652,41,'gre',103),(1653,139,'gre',77),(1654,19,'gr',110),(1655,400,'gre',15),(1656,1,'gr',73),(1657,482,'gre',28),(1658,158,'gr',112),(1659,172,'gre',147),(1660,8,'gr',34),(1661,236,'gre',9),(1662,278,'gr',165),(1663,43,'lt',157),(1664,2,'gr',29),(1665,5,'lt',167),(1666,300,'gre',127),(1667,2,'gre',68),(1668,190,'lt',155),(1669,433,'gr',65),(1670,196,'gre',42),(1671,8,'lt',99),(1672,242,'gre',67),(1673,389,'gr',89),(1674,5,'gre',165),(1675,218,'gre',23),(1676,305,'gre',109),(1677,140,'gre',89),(1678,8,'gre',58),(1679,132,'gr',165),(1680,70,'gr',27),(1681,128,'gre',144),(1682,117,'gre',50),(1683,5,'gr',133),(1684,9,'lte',70),(1685,331,'gre',101),(1686,166,'lte',50),(1687,472,'gre',164),(1688,452,'gr',130),(1689,17,'gre',23),(1690,275,'lt',23),(1691,257,'gr',110),(1692,140,'gr',77),(1693,112,'gre',122),(1694,16,'gr',162),(1695,121,'gre',124),(1696,384,'gr',98),(1697,48,'gr',91),(1698,14,'gre',110),(1699,263,'gre',159),(1700,14,'gre',36),(1701,202,'gr',148),(1702,21,'gre',110),(1703,333,'gre',98),(1704,3,'lte',10),(1705,410,'gre',31),(1706,506,'lt',12),(1707,255,'gr',115),(1708,544,'gre',147),(1709,5,'lt',47),(1710,131,'lt',21),(1711,143,'gr',170),(1712,1,'gre',41),(1713,19,'gr',127),(1714,391,'lte',50),(1715,218,'gr',12),(1716,9,'lte',153),(1717,502,'gre',13),(1718,194,'gre',158),(1719,5,'gre',26),(1720,117,'lte',21),(1721,181,'gr',91),(1722,448,'gre',88),(1723,192,'gr',172),(1724,372,'gr',10),(1725,54,'gre',36),(1726,469,'gre',35),(1727,350,'gr',175),(1728,137,'gr',94),(1729,20,'gr',59),(1730,53,'lte',28),(1731,464,'gre',117),(1732,68,'gre',55),(1733,304,'gre',5),(1734,4,'lte',84),(1735,431,'gre',143),(1736,163,'gr',85),(1737,235,'lte',27),(1738,21,'gre',141),(1739,242,'lte',89),(1740,42,'gr',51),(1741,14,'gre',50),(1742,409,'gre',58),(1743,203,'gr',67),(1744,3,'gre',105),(1745,114,'lte',125),(1746,16,'lt',126),(1747,9,'gre',162),(1748,12,'gre',97),(1749,428,'lt',12),(1750,396,'gre',175),(1751,445,'gr',158),(1752,6,'gr',151),(1753,312,'gre',133),(1754,334,'gr',141),(1755,260,'gr',33),(1756,36,'gre',6),(1757,1,'gr',20),(1758,263,'gre',82),(1759,258,'gr',30),(1760,9,'gr',153),(1761,11,'gre',17),(1762,224,'lte',110),(1763,109,'gre',67),(1764,56,'gre',53),(1765,86,'lt',145),(1766,431,'gre',39),(1767,262,'gre',18),(1768,497,'gre',66),(1769,16,'gr',149),(1770,15,'gre',120),(1771,13,'gre',118),(1772,15,'gr',61),(1773,397,'gr',92),(1774,334,'gr',30),(1775,235,'lte',37),(1776,22,'lt',144),(1777,37,'gr',102),(1778,262,'gr',18),(1779,35,'gr',42),(1780,77,'lt',165),(1781,20,'gr',167),(1782,197,'gre',152),(1783,271,'gr',79),(1784,158,'gre',82),(1785,9,'gre',157),(1786,7,'gr',167),(1787,201,'gre',25),(1788,63,'lte',175),(1789,406,'gre',80),(1790,6,'gre',89),(1791,252,'gre',43),(1792,297,'gre',52),(1793,13,'gre',97),(1794,166,'gr',36),(1795,6,'gr',67),(1796,10,'gre',178),(1797,129,'gre',113),(1798,17,'gre',180),(1799,138,'gre',151),(1800,97,'gre',80),(1801,20,'gre',167),(1802,268,'gre',126),(1803,435,'gre',14),(1804,485,'gr',126),(1805,115,'gre',119),(1806,12,'gr',66),(1807,453,'gr',48),(1808,520,'gr',5),(1809,5,'lt',166),(1810,442,'lt',170),(1811,366,'lte',101),(1812,198,'gr',87),(1813,5,'gr',51),(1814,56,'gre',94),(1815,335,'lt',110),(1816,14,'lt',98),(1817,88,'gr',176),(1818,208,'gr',84),(1819,340,'gre',137),(1820,10,'lt',124),(1821,117,'gr',129),(1822,165,'gre',159),(1823,118,'gre',159),(1824,133,'gr',48),(1825,55,'gr',16),(1826,199,'gr',116),(1827,133,'gr',44),(1828,5,'lt',78),(1829,82,'gr',128),(1830,61,'gr',118),(1831,313,'gre',109),(1832,188,'gr',96),(1833,4,'gr',173),(1834,117,'gre',64),(1835,10,'gr',142),(1836,258,'gr',118),(1837,167,'gre',67),(1838,6,'gr',25),(1839,14,'gr',103),(1840,118,'gre',106),(1841,463,'gr',113),(1842,362,'lt',134),(1843,440,'lt',77),(1844,428,'gr',144),(1845,4,'gr',112),(1846,274,'gr',73),(1847,334,'gre',165),(1848,18,'lte',67),(1849,388,'gr',117),(1850,452,'gre',47),(1851,165,'gr',175),(1852,148,'gre',171),(1853,340,'lt',176),(1854,6,'lt',79),(1855,523,'gre',103),(1856,16,'gre',3),(1857,451,'lt',61),(1858,116,'gre',143),(1859,206,'gr',49),(1860,198,'lte',83),(1861,8,'gr',15),(1862,344,'gr',18),(1863,179,'gre',50),(1864,351,'gr',115),(1865,86,'gr',152),(1866,19,'gr',159),(1867,190,'gr',139),(1868,290,'gre',172),(1869,483,'gre',112),(1870,10,'gr',178),(1871,99,'gr',52),(1872,414,'gre',8),(1873,15,'gre',72),(1874,117,'lte',50),(1875,8,'gr',170),(1876,322,'gre',158),(1877,435,'lte',123),(1878,233,'gr',85),(1879,448,'gre',66),(1880,453,'gr',159),(1881,153,'gr',103),(1882,71,'gre',6),(1883,117,'gre',46),(1884,325,'gr',72),(1885,18,'gr',44),(1886,511,'gr',140),(1887,53,'gr',17),(1888,309,'lt',125),(1889,5,'gre',122),(1890,151,'gre',25),(1891,6,'gr',133),(1892,359,'gr',61),(1893,534,'gr',179),(1894,393,'gre',160),(1895,340,'lte',88),(1896,146,'lte',97),(1897,315,'gre',97),(1898,100,'gr',87),(1899,2,'gr',86),(1900,404,'gr',106),(1901,184,'gre',164),(1902,232,'gr',20),(1903,4,'gre',118),(1904,520,'gre',177),(1905,230,'lte',46),(1906,123,'gre',167),(1907,12,'lt',77),(1908,8,'gre',132),(1909,79,'gr',52),(1910,112,'gr',165),(1911,217,'gr',143),(1912,215,'gre',131),(1913,17,'lte',72),(1914,522,'gr',84),(1915,284,'gr',112),(1916,4,'gr',133),(1917,19,'gr',112),(1918,501,'lt',103),(1919,362,'gr',159),(1920,483,'gr',89),(1921,8,'gre',52),(1922,11,'gr',19),(1923,385,'gre',133),(1924,253,'gr',178),(1925,275,'gr',142),(1926,3,'lt',125),(1927,392,'gr',151),(1928,196,'gre',158),(1929,126,'gr',151),(1930,246,'lt',170),(1931,17,'gre',139),(1932,457,'lte',83),(1933,127,'gr',75),(1934,535,'gre',15),(1935,162,'lt',95),(1936,13,'lt',42),(1937,113,'gr',146),(1938,473,'gre',79),(1939,261,'gr',161),(1940,334,'gre',137),(1941,132,'gre',13),(1942,368,'gre',79),(1943,8,'gre',178),(1944,280,'gr',55),(1945,218,'gre',52),(1946,131,'gre',97),(1947,14,'gre',30),(1948,332,'gr',168),(1949,493,'gre',126),(1950,171,'gre',105),(1951,73,'lte',85),(1952,317,'gre',8),(1953,502,'lte',35),(1954,2,'lte',32),(1955,79,'gr',12),(1956,163,'gr',177),(1957,210,'gr',129),(1958,111,'lt',37),(1959,450,'gre',162),(1960,8,'gr',11),(1961,120,'lt',87),(1962,227,'gr',160),(1963,275,'lte',74),(1964,267,'gr',170),(1965,7,'lt',9),(1966,394,'gr',6),(1967,512,'gre',174),(1968,14,'gr',84),(1969,333,'gre',51),(1970,168,'gr',55),(1971,267,'lt',105),(1972,294,'gr',46),(1973,438,'gre',137),(1974,304,'gr',4),(1975,4,'gre',19),(1976,536,'gr',78),(1977,512,'gr',8),(1978,507,'gr',22),(1979,15,'gr',54),(1980,23,'gre',139),(1981,11,'gre',106),(1982,494,'gre',78),(1983,45,'gr',117),(1984,90,'gr',80),(1985,154,'gr',109),(1986,10,'gr',105),(1987,64,'gr',49),(1988,167,'gre',36),(1989,9,'lt',107),(1990,531,'gre',77),(1991,93,'gre',83),(1992,369,'lte',138),(1993,16,'gre',164),(1994,155,'gre',95),(1995,19,'gre',28),(1996,122,'gre',120),(1997,467,'lte',158),(1998,299,'lt',92),(1999,1,'gr',125),(2000,356,'lte',138),(2001,334,'gr',100),(2002,229,'gre',26),(2003,18,'gr',77),(2004,291,'gre',128),(2005,281,'gr',52),(2006,7,'gre',100),(2007,478,'gr',24),(2008,19,'lt',151),(2009,406,'gre',165),(2010,292,'gre',62),(2011,10,'gre',12),(2012,8,'lte',123),(2013,359,'gre',162),(2014,12,'gre',1),(2015,539,'gre',60),(2016,310,'gre',5),(2017,465,'gre',74),(2018,8,'gr',20),(2019,275,'gr',12),(2020,545,'lt',19),(2021,460,'gr',69),(2022,290,'gre',177),(2023,433,'gr',88),(2024,8,'lte',41),(2025,15,'gr',23),(2026,491,'gr',174),(2027,462,'gr',88),(2028,264,'gre',30),(2029,145,'lte',59),(2030,17,'lte',8),(2031,94,'gr',168),(2032,2,'gr',68),(2033,36,'lte',155),(2034,475,'gr',133),(2035,225,'gre',115),(2036,290,'gre',99),(2037,19,'gr',56),(2038,542,'gre',81),(2039,236,'lte',44),(2040,10,'gr',20),(2041,100,'gre',163),(2042,82,'gr',21),(2043,452,'gr',122),(2044,365,'lte',63),(2045,20,'lt',27),(2046,311,'lte',85),(2047,492,'gre',74),(2048,333,'lte',167),(2049,13,'gr',79),(2050,10,'gr',83),(2051,259,'gr',38),(2052,468,'lte',106),(2053,324,'gr',22),(2054,10,'gr',123),(2055,180,'gr',35),(2056,327,'gre',71),(2057,214,'gre',47),(2058,8,'gre',87),(2059,207,'lte',31),(2060,207,'gre',31),(2061,30,'gr',75),(2062,134,'gre',41),(2063,15,'gr',180),(2064,151,'lte',128),(2065,10,'gr',168),(2066,221,'gr',131),(2067,3,'gr',10),(2068,539,'gr',103),(2069,477,'gr',34),(2070,133,'gre',30),(2071,17,'gre',10),(2072,31,'gre',162),(2073,209,'gr',148),(2074,190,'gr',49),(2075,297,'gr',68),(2076,10,'gr',73),(2077,164,'gr',123),(2078,371,'gre',39),(2079,349,'gre',159),(2080,222,'gr',97),(2081,9,'lte',68),(2082,516,'lt',9),(2083,5,'gre',30),(2084,12,'gr',88),(2085,241,'gre',40),(2086,488,'lt',62),(2087,59,'gre',125),(2088,20,'gre',96),(2089,7,'gre',112),(2090,382,'gre',106),(2091,3,'gre',20),(2092,58,'gr',10),(2093,356,'gr',25),(2094,11,'gr',46),(2095,474,'gre',122),(2096,503,'lt',151),(2097,264,'gre',130),(2098,237,'gr',127),(2099,425,'gr',128),(2100,153,'lt',122),(2101,16,'gre',163),(2102,414,'gr',11),(2103,14,'gre',138),(2104,139,'gr',138),(2105,69,'lt',131),(2106,403,'gr',80),(2107,138,'gre',66),(2108,8,'gr',49),(2109,62,'gre',66),(2110,131,'gr',1),(2111,251,'gr',46),(2112,480,'gre',121),(2113,69,'gr',129),(2114,482,'gr',82),(2115,19,'lte',154),(2116,136,'lte',146),(2117,262,'gre',5),(2118,186,'gre',1),(2119,17,'gr',142),(2120,209,'gre',100),(2121,323,'gre',40),(2122,48,'lte',176),(2123,159,'lt',159),(2124,375,'lt',36),(2125,529,'gre',169),(2126,3,'gre',23),(2127,540,'lte',61),(2128,350,'gre',47),(2129,338,'gr',58),(2130,13,'gre',173),(2131,543,'gr',129),(2132,16,'gr',6),(2133,322,'lt',60),(2134,89,'gr',36),(2135,31,'gre',119),(2136,318,'gre',61),(2137,465,'lte',18),(2138,288,'gr',40),(2139,98,'gr',27),(2140,445,'gr',77),(2141,5,'lte',106),(2142,206,'gr',8),(2143,1,'gre',10),(2144,518,'gre',148),(2145,9,'lte',177),(2146,272,'lte',46),(2147,165,'gre',76),(2148,318,'gre',23),(2149,258,'gre',62),(2150,19,'gre',141),(2151,104,'gr',17),(2152,401,'gre',2),(2153,439,'gr',50),(2154,494,'lt',55),(2155,3,'gr',15),(2156,363,'gre',103),(2157,426,'gr',156),(2158,12,'gr',94),(2159,124,'gre',134),(2160,9,'gr',157),(2161,160,'gre',62),(2162,331,'lte',40),(2163,413,'lte',64),(2164,389,'gre',35),(2165,18,'gr',47),(2166,188,'gre',71),(2167,60,'gre',48),(2168,3,'lt',136),(2169,189,'gre',147),(2170,542,'gre',171),(2171,13,'gre',65),(2172,45,'gre',54),(2173,363,'gre',19),(2174,53,'lt',96),(2175,396,'gre',94),(2176,19,'gre',165),(2177,4,'gr',1),(2178,408,'gre',83),(2179,434,'lte',106),(2180,51,'gr',123),(2181,5,'gre',21),(2182,1,'gr',164),(2183,390,'gre',79),(2184,19,'gre',47),(2185,228,'gr',134),(2186,43,'gr',33),(2187,476,'gre',156),(2188,542,'gre',145),(2189,3,'gre',142),(2190,14,'lt',25),(2191,293,'lte',1),(2192,105,'gr',78),(2193,296,'gre',74),(2194,518,'gr',122),(2195,9,'gre',54),(2196,8,'gre',34),(2197,242,'gre',19),(2198,351,'gr',179),(2199,20,'lte',60),(2200,528,'gre',178),(2201,386,'gre',105),(2202,81,'gr',89),(2203,261,'gre',11),(2204,15,'lte',15),(2205,496,'gr',133),(2206,10,'lt',49),(2207,503,'lt',31),(2208,96,'lt',98),(2209,7,'gr',66),(2210,288,'gr',33),(2211,57,'gr',41),(2212,279,'gre',39),(2213,20,'gr',127),(2214,117,'lte',53),(2215,244,'gre',55),(2216,388,'gre',63),(2217,360,'gr',102),(2218,500,'gr',14),(2219,519,'gre',12),(2220,7,'gr',47),(2221,506,'gre',164),(2222,44,'gre',153),(2223,178,'lt',90),(2224,131,'gr',28),(2225,295,'gr',113),(2226,17,'gre',125),(2227,201,'gre',118),(2228,211,'lte',49),(2229,96,'lt',118),(2230,516,'gr',84),(2231,147,'gr',122),(2232,231,'gre',21),(2233,130,'gr',60),(2234,13,'lt',46),(2235,6,'gre',143),(2236,357,'gr',53),(2237,479,'gr',75),(2238,102,'gre',44),(2239,2,'gre',81),(2240,315,'lte',48),(2241,322,'gre',36),(2242,276,'gre',63),(2243,5,'gr',159),(2244,80,'gr',142),(2245,16,'lte',33),(2246,274,'gre',49),(2247,151,'gre',28),(2248,467,'gr',106),(2249,16,'gre',70),(2250,520,'lt',162),(2251,313,'gre',94),(2252,64,'gr',108),(2253,128,'gre',157),(2254,6,'gre',156),(2255,31,'lte',152),(2256,199,'gr',85),(2257,7,'gr',147),(2258,106,'gre',6),(2259,21,'lt',143),(2260,297,'gr',83),(2261,222,'gr',45),(2262,19,'gre',91),(2263,216,'lt',71),(2264,495,'gr',106),(2265,353,'gr',126),(2266,333,'gr',166),(2267,12,'gre',46),(2268,340,'gr',76),(2269,268,'gr',107),(2270,9,'gr',102),(2271,256,'gr',175),(2272,6,'gr',45),(2273,291,'lte',13),(2274,159,'gr',38),(2275,352,'gr',179),(2276,505,'gre',117),(2277,1,'gre',68),(2278,341,'gre',46),(2279,59,'gr',40),(2280,172,'gr',60),(2281,235,'gre',50),(2282,386,'lte',58),(2283,66,'gr',157),(2284,156,'gre',93),(2285,8,'gr',146),(2286,349,'gre',64),(2287,16,'gre',95),(2288,530,'gre',53),(2289,306,'lt',121),(2290,356,'gre',25),(2291,275,'gr',115),(2292,18,'gre',39),(2293,285,'gr',92),(2294,85,'lt',155),(2295,31,'lte',123),(2296,296,'gr',11),(2297,508,'gre',35),(2298,458,'gr',95),(2299,5,'gre',53),(2300,537,'gr',134),(2301,404,'lte',48),(2302,146,'gr',44),(2303,7,'lte',35),(2304,35,'gre',13),(2305,51,'gre',160),(2306,18,'gr',9),(2307,295,'gr',111),(2308,134,'gre',163),(2309,15,'gr',149),(2310,34,'gre',43),(2311,121,'gre',18),(2312,534,'gre',126),(2313,8,'gre',85),(2314,365,'gr',119),(2315,228,'gre',97),(2316,15,'lt',136),(2317,89,'gr',26),(2318,89,'lt',147),(2319,14,'gre',47),(2320,399,'gre',50),(2321,15,'gre',70),(2322,252,'gre',51),(2323,245,'gr',128),(2324,165,'gr',128),(2325,217,'lt',28),(2326,3,'gre',124),(2327,7,'gre',60),(2328,209,'gre',92),(2329,345,'gr',111),(2330,411,'gr',148),(2331,381,'gr',4),(2332,12,'gr',30),(2333,4,'gr',56),(2334,238,'gr',112),(2335,51,'gre',168),(2336,523,'lte',140),(2337,10,'gr',3),(2338,102,'gre',28),(2339,323,'gre',168),(2340,177,'gre',178),(2341,13,'gre',62),(2342,110,'gr',55),(2343,492,'gr',5),(2344,534,'gre',41),(2345,428,'gre',2),(2346,125,'gr',128),(2347,10,'gr',15),(2348,516,'gr',141),(2349,16,'lte',93),(2350,259,'gr',82),(2351,6,'gr',13),(2352,104,'gre',50),(2353,19,'gr',91),(2354,47,'gre',140),(2355,162,'gre',174),(2356,361,'gre',67),(2357,12,'gre',44),(2358,12,'gre',159),(2359,2,'lt',24),(2360,256,'gre',17),(2361,66,'gre',142),(2362,8,'gr',153),(2363,347,'gr',91),(2364,67,'gr',30),(2365,32,'gr',131),(2366,325,'gr',119),(2367,3,'lte',18),(2368,249,'gr',56),(2369,528,'gre',180),(2370,256,'gr',36),(2371,311,'gre',161),(2372,16,'gre',24),(2373,2,'gre',52),(2374,301,'lt',47),(2375,14,'gre',140),(2376,287,'gr',106),(2377,518,'lte',159),(2378,393,'lte',168),(2379,7,'gre',130),(2380,163,'gre',171),(2381,16,'gr',74),(2382,157,'gre',162),(2383,16,'lte',162),(2384,22,'gr',83),(2385,169,'gre',150),(2386,145,'gre',133),(2387,20,'gr',76),(2388,247,'gr',2),(2389,261,'gr',12),(2390,15,'gre',58),(2391,153,'lte',140),(2392,428,'gr',120),(2393,271,'lte',89),(2394,387,'gr',177),(2395,154,'gre',100),(2396,10,'gr',86),(2397,117,'gr',151),(2398,540,'gre',12),(2399,284,'lt',138),(2400,369,'gr',47),(2401,295,'gr',75),(2402,212,'gr',179),(2403,72,'gre',14),(2404,8,'gre',29),(2405,288,'gre',87),(2406,248,'gr',58),(2407,445,'gr',48),(2408,5,'gre',9),(2409,10,'gre',104),(2410,363,'lte',127),(2411,403,'lte',165),(2412,287,'gr',66),(2413,18,'gr',82),(2414,128,'gr',5),(2415,459,'gr',13),(2416,318,'lt',104),(2417,8,'gre',14),(2418,430,'gre',101),(2419,380,'gr',63),(2420,112,'gre',137),(2421,86,'lt',142),(2422,538,'gre',88),(2423,107,'gre',40),(2424,61,'gre',7),(2425,156,'lte',162),(2426,174,'gr',69),(2427,68,'lte',17),(2428,8,'gr',120),(2429,332,'gre',123),(2430,162,'gr',99),(2431,16,'lt',11),(2432,44,'gre',179),(2433,363,'gre',148),(2434,4,'gr',165),(2435,2,'lt',87),(2436,79,'lt',10),(2437,540,'gr',3),(2438,238,'lte',53),(2439,14,'gr',53),(2440,150,'gre',149),(2441,150,'gr',144),(2442,160,'gre',167),(2443,511,'gr',36),(2444,36,'gre',12),(2445,433,'gr',94),(2446,257,'gr',37),(2447,289,'gre',102),(2448,516,'gr',98),(2449,204,'gr',179),(2450,6,'gr',169),(2451,540,'gre',171),(2452,240,'gr',164),(2453,474,'gr',1),(2454,4,'gre',121),(2455,8,'gre',107),(2456,53,'gr',53),(2457,121,'gre',172),(2458,113,'gr',170),(2459,65,'gr',108),(2460,8,'gr',119),(2461,158,'gre',56),(2462,198,'gr',68),(2463,473,'lt',19),(2464,20,'gr',26),(2465,66,'gre',104),(2466,340,'gre',27),(2467,289,'lt',162),(2468,14,'gr',118),(2469,331,'gre',85),(2470,473,'lt',59),(2471,223,'gre',25),(2472,147,'gr',51),(2473,6,'gr',35),(2474,122,'gre',111),(2475,209,'gr',131),(2476,226,'gre',12),(2477,68,'gre',19),(2478,8,'gre',149),(2479,52,'gre',34),(2480,247,'gre',15),(2481,7,'gr',50),(2482,451,'gr',157),(2483,292,'gr',62),(2484,358,'gre',164),(2485,362,'lte',28),(2486,1,'lte',101),(2487,540,'gr',164),(2488,114,'gr',125),(2489,505,'gre',177),(2490,505,'lt',23),(2491,2,'gre',15),(2492,182,'gr',137),(2493,116,'gre',51),(2494,12,'lte',46),(2495,75,'gr',45),(2496,412,'gr',129),(2497,16,'gr',4),(2498,455,'gr',143),(2499,18,'lte',173),(2500,458,'gre',41),(2501,343,'gr',62),(2502,530,'gre',165),(2503,18,'gr',80),(2504,272,'lte',165),(2505,1,'gre',101),(2506,484,'gr',41),(2507,329,'gr',50),(2508,153,'gr',127),(2509,249,'lte',45),(2510,54,'gr',110),(2511,1,'gre',124),(2512,68,'gre',39),(2513,317,'gre',136),(2514,24,'lte',12),(2515,230,'lte',100),(2516,10,'lte',12),(2517,361,'gre',77),(2518,14,'gr',97),(2519,314,'lt',13),(2520,11,'gr',53),(2521,146,'gr',143),(2522,347,'gr',62),(2523,508,'gr',175),(2524,108,'gre',52),(2525,4,'lt',158),(2526,292,'gr',121),(2527,14,'gr',7),(2528,73,'gre',105),(2529,8,'gr',136),(2530,15,'gr',162),(2531,365,'gre',161),(2532,238,'gr',176),(2533,15,'gre',117),(2534,159,'gr',69),(2535,37,'gre',4),(2536,13,'lt',147),(2537,7,'gr',133),(2538,15,'lt',90),(2539,5,'gr',76),(2540,368,'gre',47),(2541,415,'gr',119),(2542,375,'gre',45),(2543,5,'gr',110),(2544,436,'gre',162),(2545,168,'gre',140),(2546,195,'lt',42),(2547,203,'gre',9),(2548,472,'gr',54),(2549,193,'gr',7),(2550,482,'gr',129),(2551,2,'gr',139),(2552,344,'gre',5),(2553,284,'lt',129),(2554,204,'gr',20),(2555,419,'gre',69),(2556,6,'lt',55),(2557,231,'gre',98),(2558,70,'lte',137),(2559,13,'lt',47),(2560,8,'gre',3),(2561,317,'gre',18),(2562,507,'gre',73),(2563,4,'gr',9),(2564,410,'gre',66),(2565,500,'lt',150),(2566,359,'gr',83),(2567,160,'gr',51),(2568,18,'gre',16),(2569,53,'gre',44),(2570,475,'gre',148),(2571,22,'gr',23),(2572,62,'gre',154),(2573,6,'lt',88),(2574,177,'gr',2),(2575,429,'gr',54),(2576,264,'gr',156),(2577,467,'gr',78),(2578,532,'gr',98),(2579,414,'gre',70),(2580,313,'gre',148),(2581,188,'lt',43),(2582,340,'lt',128),(2583,12,'gre',82),(2584,9,'gr',172),(2585,245,'lte',76),(2586,485,'gr',12),(2587,3,'gre',150),(2588,132,'gre',25),(2589,437,'gre',102),(2590,447,'gr',138),(2591,512,'gr',107),(2592,4,'lt',97),(2593,68,'gre',66),(2594,60,'gr',9),(2595,146,'gr',151),(2596,147,'gr',43),(2597,12,'gr',110),(2598,327,'gr',129),(2599,159,'lt',84),(2600,424,'gr',26),(2601,285,'gre',98),(2602,8,'gr',85),(2603,170,'gr',177),(2604,408,'gr',5),(2605,509,'lte',133),(2606,418,'gre',143),(2607,27,'gr',78),(2608,472,'gre',102),(2609,37,'gr',5),(2610,386,'gr',99),(2611,413,'lte',42),(2612,14,'lt',67),(2613,118,'gr',55),(2614,136,'gre',10),(2615,344,'gr',4),(2616,60,'lt',121),(2617,2,'gr',104),(2618,177,'gr',52),(2619,318,'gr',14),(2620,214,'gr',118),(2621,228,'gre',156),(2622,133,'lt',97),(2623,10,'gre',57),(2624,258,'lte',94),(2625,56,'lt',36),(2626,231,'gre',17),(2627,1,'gre',32),(2628,141,'gre',153),(2629,83,'gre',65),(2630,10,'gre',68),(2631,10,'gr',161),(2632,183,'gre',168),(2633,131,'gr',128),(2634,532,'gre',137),(2635,3,'gr',61),(2636,332,'gre',145),(2637,251,'gr',88),(2638,317,'gr',114),(2639,98,'lte',158),(2640,20,'gr',19),(2641,333,'lt',110),(2642,125,'gre',27),(2643,135,'gre',172),(2644,383,'gre',128),(2645,5,'lte',130),(2646,468,'gre',103),(2647,180,'gre',77),(2648,102,'gre',98),(2649,269,'gre',145),(2650,17,'gre',115),(2651,295,'gre',61),(2652,323,'gre',115),(2653,149,'gr',142),(2654,6,'gre',96),(2655,470,'lte',124),(2656,195,'lte',71),(2657,17,'lte',142),(2658,272,'lt',46),(2659,54,'gre',64),(2660,539,'gr',173),(2661,31,'lte',164),(2662,14,'lt',55),(2663,462,'gre',128),(2664,326,'gre',112),(2665,428,'gre',33),(2666,44,'gre',178),(2667,13,'lte',128),(2668,279,'gre',154),(2669,545,'gre',122),(2670,29,'gr',123),(2671,20,'lt',45),(2672,257,'lte',77),(2673,442,'gre',152),(2674,368,'lte',118),(2675,374,'lt',52),(2676,10,'gr',132),(2677,18,'gr',173),(2678,10,'gr',74),(2679,463,'gr',34),(2680,19,'gr',69),(2681,505,'gr',102),(2682,161,'gre',66),(2683,8,'gre',18),(2684,13,'gre',42),(2685,252,'gr',19),(2686,367,'gre',168),(2687,17,'lt',3),(2688,542,'gre',144),(2689,278,'gre',128),(2690,487,'gre',35),(2691,9,'gre',83),(2692,526,'gre',142),(2693,246,'gre',146),(2694,461,'gr',48),(2695,535,'gre',99),(2696,19,'gr',43),(2697,236,'gre',98),(2698,185,'gre',161),(2699,19,'gr',151),(2700,13,'gr',39),(2701,449,'gr',132),(2702,180,'gre',84),(2703,5,'gr',77),(2704,486,'gre',153),(2705,89,'lt',88),(2706,303,'lte',120),(2707,427,'gre',138),(2708,173,'gre',121),(2709,154,'lte',25),(2710,412,'lt',62),(2711,421,'gr',3),(2712,5,'gre',131),(2713,299,'gr',159),(2714,397,'gre',100),(2715,346,'gr',49),(2716,14,'lte',46),(2717,441,'gre',1),(2718,270,'gre',143),(2719,6,'gre',166),(2720,544,'gre',118),(2721,8,'lt',57),(2722,41,'gre',97),(2723,52,'gre',24),(2724,361,'gr',16),(2725,16,'lte',6),(2726,160,'gr',64),(2727,69,'lte',98),(2728,8,'gr',33),(2729,501,'gre',141);
/*!40000 ALTER TABLE `predicate` ENABLE KEYS */;
UNLOCK TABLES;

--
-- Table structure for table `wt_attribute`
--

DROP TABLE IF EXISTS `wt_attribute`;
/*!40101 SET @saved_cs_client     = @@character_set_client */;
/*!40101 SET character_set_client = utf8 */;
CREATE TABLE `wt_attribute` (
  `id` int(11) NOT NULL,
  `metric` int(11) NOT NULL,
  `is_pivot` tinyint(1) NOT NULL DEFAULT '0',
  `window_type` varchar(4) NOT NULL,
  `window_size` varchar(1) NOT NULL,
  `aggr_fun` varchar(3) NOT NULL,
  `aggr_data_type` varchar(6) NOT NULL,
  PRIMARY KEY (`id`),
  KEY `metric` (`metric`),
  CONSTRAINT `wt_attribute_ibfk_1` FOREIGN KEY (`metric`) REFERENCES `metric` (`id`)
) ENGINE=InnoDB DEFAULT CHARSET=latin1;
/*!40101 SET character_set_client = @saved_cs_client */;

--
-- Dumping data for table `wt_attribute`
--

LOCK TABLES `wt_attribute` WRITE;
/*!40000 ALTER TABLE `wt_attribute` DISABLE KEYS */;
INSERT INTO `wt_attribute` VALUES (1,1,0,'tumb','d','sum','double'),(2,1,0,'tumb','d','min','double'),(3,1,0,'tumb','d','max','double'),(4,3,0,'tumb','d','sum','uint'),(5,3,0,'tumb','d','min','uint'),(6,3,0,'tumb','d','max','uint'),(7,2,0,'tumb','d','sum','uint'),(8,4,0,'tumb','d','sum','double'),(9,4,0,'tumb','d','min','double'),(10,4,0,'tumb','d','max','double'),(11,6,0,'tumb','d','sum','uint'),(12,6,0,'tumb','d','min','uint'),(13,6,0,'tumb','d','max','uint'),(14,5,0,'tumb','d','sum','uint'),(15,7,0,'tumb','d','sum','double'),(16,7,0,'tumb','d','min','double'),(17,7,0,'tumb','d','max','double'),(18,9,0,'tumb','d','sum','uint'),(19,9,0,'tumb','d','min','uint'),(20,9,0,'tumb','d','max','uint'),(21,8,0,'tumb','d','sum','uint'),(22,1,0,'tumb','w','sum','double'),(23,1,0,'tumb','w','min','double'),(24,1,0,'tumb','w','max','double'),(25,3,0,'tumb','w','sum','uint'),(26,3,0,'tumb','w','min','uint'),(27,3,0,'tumb','w','max','uint'),(28,2,0,'tumb','w','sum','uint'),(29,4,0,'tumb','w','sum','double'),(30,4,0,'tumb','w','min','double'),(31,4,0,'tumb','w','max','double'),(32,6,0,'tumb','w','sum','uint'),(33,6,0,'tumb','w','min','uint'),(34,6,0,'tumb','w','max','uint'),(35,5,0,'tumb','w','sum','uint'),(36,7,0,'tumb','w','sum','double'),(37,7,0,'tumb','w','min','double'),(38,7,0,'tumb','w','max','double'),(39,9,0,'tumb','w','sum','uint'),(40,9,0,'tumb','w','min','uint'),(41,9,0,'tumb','w','max','uint'),(42,8,0,'tumb','w','sum','uint'),(43,1,0,'tumb','d','sum','double'),(44,1,0,'tumb','d','min','double'),(45,1,0,'tumb','d','max','double'),(46,3,0,'tumb','d','sum','uint'),(47,3,0,'tumb','d','min','uint'),(48,3,0,'tumb','d','max','uint'),(49,2,0,'tumb','d','sum','uint'),(50,4,0,'tumb','d','sum','double'),(51,4,0,'tumb','d','min','double'),(52,4,0,'tumb','d','max','double'),(53,6,0,'tumb','d','sum','uint'),(54,6,0,'tumb','d','min','uint'),(55,6,0,'tumb','d','max','uint'),(56,5,0,'tumb','d','sum','uint'),(57,7,0,'tumb','d','sum','double'),(58,7,0,'tumb','d','min','double'),(59,7,0,'tumb','d','max','double'),(60,9,0,'tumb','d','sum','uint'),(61,9,0,'tumb','d','min','uint'),(62,9,0,'tumb','d','max','uint'),(63,8,0,'tumb','d','sum','uint'),(64,1,0,'tumb','w','sum','double'),(65,1,0,'tumb','w','min','double'),(66,1,0,'tumb','w','max','double'),(67,3,0,'tumb','w','sum','uint'),(68,3,0,'tumb','w','min','uint'),(69,3,0,'tumb','w','max','uint'),(70,2,0,'tumb','w','sum','uint'),(71,4,0,'tumb','w','sum','double'),(72,4,0,'tumb','w','min','double'),(73,4,0,'tumb','w','max','double'),(74,6,0,'tumb','w','sum','uint'),(75,6,0,'tumb','w','min','uint'),(76,6,0,'tumb','w','max','uint'),(77,5,0,'tumb','w','sum','uint'),(78,7,0,'tumb','w','sum','double'),(79,7,0,'tumb','w','min','double'),(80,7,0,'tumb','w','max','double'),(81,9,0,'tumb','w','sum','uint'),(82,9,0,'tumb','w','min','uint'),(83,9,0,'tumb','w','max','uint'),(84,8,0,'tumb','w','sum','uint'),(85,1,0,'tumb','d','sum','double'),(86,1,0,'tumb','d','min','double'),(87,1,0,'tumb','d','max','double'),(88,3,0,'tumb','d','sum','uint'),(89,3,0,'tumb','d','min','uint'),(90,3,0,'tumb','d','max','uint'),(91,2,0,'tumb','d','sum','uint'),(92,4,0,'tumb','d','sum','double'),(93,4,0,'tumb','d','min','double'),(94,4,0,'tumb','d','max','double'),(95,6,0,'tumb','d','sum','uint'),(96,6,0,'tumb','d','min','uint'),(97,6,0,'tumb','d','max','uint'),(98,5,0,'tumb','d','sum','uint'),(99,7,0,'tumb','d','sum','double'),(100,7,0,'tumb','d','min','double'),(101,7,0,'tumb','d','max','double'),(102,9,0,'tumb','d','sum','uint'),(103,9,0,'tumb','d','min','uint'),(104,9,0,'tumb','d','max','uint'),(105,8,0,'tumb','d','sum','uint'),(106,1,0,'tumb','w','sum','double'),(107,1,0,'tumb','w','min','double'),(108,1,0,'tumb','w','max','double'),(109,3,0,'tumb','w','sum','uint'),(110,3,0,'tumb','w','min','uint'),(111,3,0,'tumb','w','max','uint'),(112,2,0,'tumb','w','sum','uint'),(113,4,0,'tumb','w','sum','double'),(114,4,0,'tumb','w','min','double'),(115,4,0,'tumb','w','max','double'),(116,6,0,'tumb','w','sum','uint'),(117,6,0,'tumb','w','min','uint'),(118,6,0,'tumb','w','max','uint'),(119,5,0,'tumb','w','sum','uint'),(120,7,0,'tumb','w','sum','double'),(121,7,0,'tumb','w','min','double'),(122,7,0,'tumb','w','max','double'),(123,9,0,'tumb','w','sum','uint'),(124,9,0,'tumb','w','min','uint'),(125,9,0,'tumb','w','max','uint'),(126,8,0,'tumb','w','sum','uint'),(127,1,0,'tumb','d','sum','double'),(128,1,0,'tumb','d','min','double'),(129,1,0,'tumb','d','max','double'),(130,3,0,'tumb','d','sum','uint'),(131,3,0,'tumb','d','min','uint'),(132,3,0,'tumb','d','max','uint'),(133,2,0,'tumb','d','sum','uint'),(134,4,0,'tumb','d','sum','double'),(135,4,0,'tumb','d','min','double'),(136,4,0,'tumb','d','max','double'),(137,6,0,'tumb','d','sum','uint'),(138,6,0,'tumb','d','min','uint'),(139,6,0,'tumb','d','max','uint'),(140,5,0,'tumb','d','sum','uint'),(141,7,0,'tumb','d','sum','double'),(142,7,0,'tumb','d','min','double'),(143,7,0,'tumb','d','max','double'),(144,9,0,'tumb','d','sum','uint'),(145,9,0,'tumb','d','min','uint'),(146,9,0,'tumb','d','max','uint'),(147,8,0,'tumb','d','sum','uint'),(148,1,0,'tumb','w','sum','double'),(149,1,0,'tumb','w','min','double'),(150,1,0,'tumb','w','max','double'),(151,3,0,'tumb','w','sum','uint'),(152,3,0,'tumb','w','min','uint'),(153,3,0,'tumb','w','max','uint'),(154,2,0,'tumb','w','sum','uint'),(155,4,0,'tumb','w','sum','double'),(156,4,0,'tumb','w','min','double'),(157,4,0,'tumb','w','max','double'),(158,6,0,'tumb','w','sum','uint'),(159,6,0,'tumb','w','min','uint'),(160,6,0,'tumb','w','max','uint'),(161,5,0,'tumb','w','sum','uint'),(162,7,0,'tumb','w','sum','double'),(163,7,0,'tumb','w','min','double'),(164,7,0,'tumb','w','max','double'),(165,9,0,'tumb','w','sum','uint'),(166,9,0,'tumb','w','min','uint'),(167,9,0,'tumb','w','max','uint'),(168,8,0,'tumb','w','sum','uint'),(169,1,0,'tumb','d','sum','double'),(170,1,0,'tumb','d','min','double'),(171,1,0,'tumb','d','max','double'),(172,3,0,'tumb','d','sum','uint'),(173,3,0,'tumb','d','min','uint'),(174,3,0,'tumb','d','max','uint'),(175,2,0,'tumb','d','sum','uint'),(176,4,0,'tumb','d','sum','double'),(177,4,0,'tumb','d','min','double'),(178,4,0,'tumb','d','max','double'),(179,6,0,'tumb','d','sum','uint'),(180,6,0,'tumb','d','min','uint'),(181,6,0,'tumb','d','max','uint'),(182,5,0,'tumb','d','sum','uint'),(183,7,0,'tumb','d','sum','double'),(184,7,0,'tumb','d','min','double'),(185,7,0,'tumb','d','max','double'),(186,9,0,'tumb','d','sum','uint'),(187,9,0,'tumb','d','min','uint'),(188,9,0,'tumb','d','max','uint'),(189,8,0,'tumb','d','sum','uint'),(190,1,0,'tumb','w','sum','double'),(191,1,0,'tumb','w','min','double'),(192,1,0,'tumb','w','max','double'),(193,3,0,'tumb','w','sum','uint'),(194,3,0,'tumb','w','min','uint'),(195,3,0,'tumb','w','max','uint'),(196,2,0,'tumb','w','sum','uint'),(197,4,0,'tumb','w','sum','double'),(198,4,0,'tumb','w','min','double'),(199,4,0,'tumb','w','max','double'),(200,6,0,'tumb','w','sum','uint'),(201,6,0,'tumb','w','min','uint'),(202,6,0,'tumb','w','max','uint'),(203,5,0,'tumb','w','sum','uint'),(204,7,0,'tumb','w','sum','double'),(205,7,0,'tumb','w','min','double'),(206,7,0,'tumb','w','max','double'),(207,9,0,'tumb','w','sum','uint'),(208,9,0,'tumb','w','min','uint'),(209,9,0,'tumb','w','max','uint'),(210,8,0,'tumb','w','sum','uint'),(211,1,0,'tumb','d','sum','double'),(212,1,0,'tumb','d','min','double'),(213,1,0,'tumb','d','max','double'),(214,3,0,'tumb','d','sum','uint'),(215,3,0,'tumb','d','min','uint'),(216,3,0,'tumb','d','max','uint'),(217,2,0,'tumb','d','sum','uint'),(218,4,0,'tumb','d','sum','double'),(219,4,0,'tumb','d','min','double'),(220,4,0,'tumb','d','max','double'),(221,6,0,'tumb','d','sum','uint'),(222,6,0,'tumb','d','min','uint'),(223,6,0,'tumb','d','max','uint'),(224,5,0,'tumb','d','sum','uint'),(225,7,0,'tumb','d','sum','double'),(226,7,0,'tumb','d','min','double'),(227,7,0,'tumb','d','max','double'),(228,9,0,'tumb','d','sum','uint'),(229,9,0,'tumb','d','min','uint'),(230,9,0,'tumb','d','max','uint'),(231,8,0,'tumb','d','sum','uint'),(232,1,0,'tumb','w','sum','double'),(233,1,0,'tumb','w','min','double'),(234,1,0,'tumb','w','max','double'),(235,3,0,'tumb','w','sum','uint'),(236,3,0,'tumb','w','min','uint'),(237,3,0,'tumb','w','max','uint'),(238,2,0,'tumb','w','sum','uint'),(239,4,0,'tumb','w','sum','double'),(240,4,0,'tumb','w','min','double'),(241,4,0,'tumb','w','max','double'),(242,6,0,'tumb','w','sum','uint'),(243,6,0,'tumb','w','min','uint'),(244,6,0,'tumb','w','max','uint'),(245,5,0,'tumb','w','sum','uint'),(246,7,0,'tumb','w','sum','double'),(247,7,0,'tumb','w','min','double'),(248,7,0,'tumb','w','max','double'),(249,9,0,'tumb','w','sum','uint'),(250,9,0,'tumb','w','min','uint'),(251,9,0,'tumb','w','max','uint'),(252,8,0,'tumb','w','sum','uint'),(253,1,0,'tumb','d','sum','double'),(254,1,0,'tumb','d','min','double'),(255,1,0,'tumb','d','max','double'),(256,3,0,'tumb','d','sum','uint'),(257,3,0,'tumb','d','min','uint'),(258,3,0,'tumb','d','max','uint'),(259,2,0,'tumb','d','sum','uint'),(260,4,0,'tumb','d','sum','double'),(261,4,0,'tumb','d','min','double'),(262,4,0,'tumb','d','max','double'),(263,6,0,'tumb','d','sum','uint'),(264,6,0,'tumb','d','min','uint'),(265,6,0,'tumb','d','max','uint'),(266,5,0,'tumb','d','sum','uint'),(267,7,0,'tumb','d','sum','double'),(268,7,0,'tumb','d','min','double'),(269,7,0,'tumb','d','max','double'),(270,9,0,'tumb','d','sum','uint'),(271,9,0,'tumb','d','min','uint'),(272,9,0,'tumb','d','max','uint'),(273,8,0,'tumb','d','sum','uint'),(274,1,0,'tumb','w','sum','double'),(275,1,0,'tumb','w','min','double'),(276,1,0,'tumb','w','max','double'),(277,3,0,'tumb','w','sum','uint'),(278,3,0,'tumb','w','min','uint'),(279,3,0,'tumb','w','max','uint'),(280,2,0,'tumb','w','sum','uint'),(281,4,0,'tumb','w','sum','double'),(282,4,0,'tumb','w','min','double'),(283,4,0,'tumb','w','max','double'),(284,6,0,'tumb','w','sum','uint'),(285,6,0,'tumb','w','min','uint'),(286,6,0,'tumb','w','max','uint'),(287,5,0,'tumb','w','sum','uint'),(288,7,0,'tumb','w','sum','double'),(289,7,0,'tumb','w','min','double'),(290,7,0,'tumb','w','max','double'),(291,9,0,'tumb','w','sum','uint'),(292,9,0,'tumb','w','min','uint'),(293,9,0,'tumb','w','max','uint'),(294,8,0,'tumb','w','sum','uint'),(295,1,0,'tumb','d','sum','double'),(296,1,0,'tumb','d','min','double'),(297,1,0,'tumb','d','max','double'),(298,3,0,'tumb','d','sum','uint'),(299,3,0,'tumb','d','min','uint'),(300,3,0,'tumb','d','max','uint'),(301,2,0,'tumb','d','sum','uint'),(302,4,0,'tumb','d','sum','double'),(303,4,0,'tumb','d','min','double'),(304,4,0,'tumb','d','max','double'),(305,6,0,'tumb','d','sum','uint'),(306,6,0,'tumb','d','min','uint'),(307,6,0,'tumb','d','max','uint'),(308,5,0,'tumb','d','sum','uint'),(309,7,0,'tumb','d','sum','double'),(310,7,0,'tumb','d','min','double'),(311,7,0,'tumb','d','max','double'),(312,9,0,'tumb','d','sum','uint'),(313,9,0,'tumb','d','min','uint'),(314,9,0,'tumb','d','max','uint'),(315,8,0,'tumb','d','sum','uint'),(316,1,0,'tumb','w','sum','double'),(317,1,0,'tumb','w','min','double'),(318,1,0,'tumb','w','max','double'),(319,3,0,'tumb','w','sum','uint'),(320,3,0,'tumb','w','min','uint'),(321,3,0,'tumb','w','max','uint'),(322,2,0,'tumb','w','sum','uint'),(323,4,0,'tumb','w','sum','double'),(324,4,0,'tumb','w','min','double'),(325,4,0,'tumb','w','max','double'),(326,6,0,'tumb','w','sum','uint'),(327,6,0,'tumb','w','min','uint'),(328,6,0,'tumb','w','max','uint'),(329,5,0,'tumb','w','sum','uint'),(330,7,0,'tumb','w','sum','double'),(331,7,0,'tumb','w','min','double'),(332,7,0,'tumb','w','max','double'),(333,9,0,'tumb','w','sum','uint'),(334,9,0,'tumb','w','min','uint'),(335,9,0,'tumb','w','max','uint'),(336,8,0,'tumb','w','sum','uint'),(337,1,0,'tumb','d','sum','double'),(338,1,0,'tumb','d','min','double'),(339,1,0,'tumb','d','max','double'),(340,3,0,'tumb','d','sum','uint'),(341,3,0,'tumb','d','min','uint'),(342,3,0,'tumb','d','max','uint'),(343,2,0,'tumb','d','sum','uint'),(344,4,0,'tumb','d','sum','double'),(345,4,0,'tumb','d','min','double'),(346,4,0,'tumb','d','max','double'),(347,6,0,'tumb','d','sum','uint'),(348,6,0,'tumb','d','min','uint'),(349,6,0,'tumb','d','max','uint'),(350,5,0,'tumb','d','sum','uint'),(351,7,0,'tumb','d','sum','double'),(352,7,0,'tumb','d','min','double'),(353,7,0,'tumb','d','max','double'),(354,9,0,'tumb','d','sum','uint'),(355,9,0,'tumb','d','min','uint'),(356,9,0,'tumb','d','max','uint'),(357,8,0,'tumb','d','sum','uint'),(358,1,0,'tumb','w','sum','double'),(359,1,0,'tumb','w','min','double'),(360,1,0,'tumb','w','max','double'),(361,3,0,'tumb','w','sum','uint'),(362,3,0,'tumb','w','min','uint'),(363,3,0,'tumb','w','max','uint'),(364,2,0,'tumb','w','sum','uint'),(365,4,0,'tumb','w','sum','double'),(366,4,0,'tumb','w','min','double'),(367,4,0,'tumb','w','max','double'),(368,6,0,'tumb','w','sum','uint'),(369,6,0,'tumb','w','min','uint'),(370,6,0,'tumb','w','max','uint'),(371,5,0,'tumb','w','sum','uint'),(372,7,0,'tumb','w','sum','double'),(373,7,0,'tumb','w','min','double'),(374,7,0,'tumb','w','max','double'),(375,9,0,'tumb','w','sum','uint'),(376,9,0,'tumb','w','min','uint'),(377,9,0,'tumb','w','max','uint'),(378,8,0,'tumb','w','sum','uint'),(379,1,0,'tumb','d','sum','double'),(380,1,0,'tumb','d','min','double'),(381,1,0,'tumb','d','max','double'),(382,3,0,'tumb','d','sum','uint'),(383,3,0,'tumb','d','min','uint'),(384,3,0,'tumb','d','max','uint'),(385,2,0,'tumb','d','sum','uint'),(386,4,0,'tumb','d','sum','double'),(387,4,0,'tumb','d','min','double'),(388,4,0,'tumb','d','max','double'),(389,6,0,'tumb','d','sum','uint'),(390,6,0,'tumb','d','min','uint'),(391,6,0,'tumb','d','max','uint'),(392,5,0,'tumb','d','sum','uint'),(393,7,0,'tumb','d','sum','double'),(394,7,0,'tumb','d','min','double'),(395,7,0,'tumb','d','max','double'),(396,9,0,'tumb','d','sum','uint'),(397,9,0,'tumb','d','min','uint'),(398,9,0,'tumb','d','max','uint'),(399,8,0,'tumb','d','sum','uint'),(400,1,0,'tumb','w','sum','double'),(401,1,0,'tumb','w','min','double'),(402,1,0,'tumb','w','max','double'),(403,3,0,'tumb','w','sum','uint'),(404,3,0,'tumb','w','min','uint'),(405,3,0,'tumb','w','max','uint'),(406,2,0,'tumb','w','sum','uint'),(407,4,0,'tumb','w','sum','double'),(408,4,0,'tumb','w','min','double'),(409,4,0,'tumb','w','max','double'),(410,6,0,'tumb','w','sum','uint'),(411,6,0,'tumb','w','min','uint'),(412,6,0,'tumb','w','max','uint'),(413,5,0,'tumb','w','sum','uint'),(414,7,0,'tumb','w','sum','double'),(415,7,0,'tumb','w','min','double'),(416,7,0,'tumb','w','max','double'),(417,9,0,'tumb','w','sum','uint'),(418,9,0,'tumb','w','min','uint'),(419,9,0,'tumb','w','max','uint'),(420,8,0,'tumb','w','sum','uint'),(421,1,0,'tumb','d','sum','double'),(422,1,0,'tumb','d','min','double'),(423,1,0,'tumb','d','max','double'),(424,3,0,'tumb','d','sum','uint'),(425,3,0,'tumb','d','min','uint'),(426,3,0,'tumb','d','max','uint'),(427,2,0,'tumb','d','sum','uint'),(428,4,0,'tumb','d','sum','double'),(429,4,0,'tumb','d','min','double'),(430,4,0,'tumb','d','max','double'),(431,6,0,'tumb','d','sum','uint'),(432,6,0,'tumb','d','min','uint'),(433,6,0,'tumb','d','max','uint'),(434,5,0,'tumb','d','sum','uint'),(435,7,0,'tumb','d','sum','double'),(436,7,0,'tumb','d','min','double'),(437,7,0,'tumb','d','max','double'),(438,9,0,'tumb','d','sum','uint'),(439,9,0,'tumb','d','min','uint'),(440,9,0,'tumb','d','max','uint'),(441,8,0,'tumb','d','sum','uint'),(442,1,0,'tumb','w','sum','double'),(443,1,0,'tumb','w','min','double'),(444,1,0,'tumb','w','max','double'),(445,3,0,'tumb','w','sum','uint'),(446,3,0,'tumb','w','min','uint'),(447,3,0,'tumb','w','max','uint'),(448,2,0,'tumb','w','sum','uint'),(449,4,0,'tumb','w','sum','double'),(450,4,0,'tumb','w','min','double'),(451,4,0,'tumb','w','max','double'),(452,6,0,'tumb','w','sum','uint'),(453,6,0,'tumb','w','min','uint'),(454,6,0,'tumb','w','max','uint'),(455,5,0,'tumb','w','sum','uint'),(456,7,0,'tumb','w','sum','double'),(457,7,0,'tumb','w','min','double'),(458,7,0,'tumb','w','max','double'),(459,9,0,'tumb','w','sum','uint'),(460,9,0,'tumb','w','min','uint'),(461,9,0,'tumb','w','max','uint'),(462,8,0,'tumb','w','sum','uint'),(463,1,0,'tumb','d','sum','double'),(464,1,0,'tumb','d','min','double'),(465,1,0,'tumb','d','max','double'),(466,3,0,'tumb','d','sum','uint'),(467,3,0,'tumb','d','min','uint'),(468,3,0,'tumb','d','max','uint'),(469,2,0,'tumb','d','sum','uint'),(470,4,0,'tumb','d','sum','double'),(471,4,0,'tumb','d','min','double'),(472,4,0,'tumb','d','max','double'),(473,6,0,'tumb','d','sum','uint'),(474,6,0,'tumb','d','min','uint'),(475,6,0,'tumb','d','max','uint'),(476,5,0,'tumb','d','sum','uint'),(477,7,0,'tumb','d','sum','double'),(478,7,0,'tumb','d','min','double'),(479,7,0,'tumb','d','max','double'),(480,9,0,'tumb','d','sum','uint'),(481,9,0,'tumb','d','min','uint'),(482,9,0,'tumb','d','max','uint'),(483,8,0,'tumb','d','sum','uint'),(484,1,0,'tumb','w','sum','double'),(485,1,0,'tumb','w','min','double'),(486,1,0,'tumb','w','max','double'),(487,3,0,'tumb','w','sum','uint'),(488,3,0,'tumb','w','min','uint'),(489,3,0,'tumb','w','max','uint'),(490,2,0,'tumb','w','sum','uint'),(491,4,0,'tumb','w','sum','double'),(492,4,0,'tumb','w','min','double'),(493,4,0,'tumb','w','max','double'),(494,6,0,'tumb','w','sum','uint'),(495,6,0,'tumb','w','min','uint'),(496,6,0,'tumb','w','max','uint'),(497,5,0,'tumb','w','sum','uint'),(498,7,0,'tumb','w','sum','double'),(499,7,0,'tumb','w','min','double'),(500,7,0,'tumb','w','max','double'),(501,9,0,'tumb','w','sum','uint'),(502,9,0,'tumb','w','min','uint'),(503,9,0,'tumb','w','max','uint'),(504,8,0,'tumb','w','sum','uint'),(505,1,0,'tumb','d','sum','double'),(506,1,0,'tumb','d','min','double'),(507,1,0,'tumb','d','max','double'),(508,3,0,'tumb','d','sum','uint'),(509,3,0,'tumb','d','min','uint'),(510,3,0,'tumb','d','max','uint'),(511,2,0,'tumb','d','sum','uint'),(512,4,0,'tumb','d','sum','double'),(513,4,0,'tumb','d','min','double'),(514,4,0,'tumb','d','max','double'),(515,6,0,'tumb','d','sum','uint'),(516,6,0,'tumb','d','min','uint'),(517,6,0,'tumb','d','max','uint'),(518,5,0,'tumb','d','sum','uint'),(519,7,0,'tumb','d','sum','double'),(520,7,0,'tumb','d','min','double'),(521,7,0,'tumb','d','max','double'),(522,9,0,'tumb','d','sum','uint'),(523,9,0,'tumb','d','min','uint'),(524,9,0,'tumb','d','max','uint'),(525,8,0,'tumb','d','sum','uint'),(526,1,0,'tumb','w','sum','double'),(527,1,0,'tumb','w','min','double'),(528,1,0,'tumb','w','max','double'),(529,3,0,'tumb','w','sum','uint'),(530,3,0,'tumb','w','min','uint'),(531,3,0,'tumb','w','max','uint'),(532,2,0,'tumb','w','sum','uint'),(533,4,0,'tumb','w','sum','double'),(534,4,0,'tumb','w','min','double'),(535,4,0,'tumb','w','max','double'),(536,6,0,'tumb','w','sum','uint'),(537,6,0,'tumb','w','min','uint'),(538,6,0,'tumb','w','max','uint'),(539,5,0,'tumb','w','sum','uint'),(540,7,0,'tumb','w','sum','double'),(541,7,0,'tumb','w','min','double'),(542,7,0,'tumb','w','max','double'),(543,9,0,'tumb','w','sum','uint'),(544,9,0,'tumb','w','min','uint'),(545,9,0,'tumb','w','max','uint'),(546,8,0,'tumb','w','sum','uint');
/*!40000 ALTER TABLE `wt_attribute` ENABLE KEYS */;
UNLOCK TABLES;
/*!40103 SET TIME_ZONE=@OLD_TIME_ZONE */;

/*!40101 SET SQL_MODE=@OLD_SQL_MODE */;
/*!40014 SET FOREIGN_KEY_CHECKS=@OLD_FOREIGN_KEY_CHECKS */;
/*!40014 SET UNIQUE_CHECKS=@OLD_UNIQUE_CHECKS */;
/*!40101 SET CHARACTER_SET_CLIENT=@OLD_CHARACTER_SET_CLIENT */;
/*!40101 SET CHARACTER_SET_RESULTS=@OLD_CHARACTER_SET_RESULTS */;
/*!40101 SET COLLATION_CONNECTION=@OLD_COLLATION_CONNECTION */;
/*!40111 SET SQL_NOTES=@OLD_SQL_NOTES */;

-- Dump completed on 2013-11-15 11:46:27
